region_code,region_name,settlement_code,settlement_name,num_kalpiot,registered,voted,invalid,valid,netanyahu,peres,admin_identity,candidate_identity,registered_plausible,review_note
01,ירושלים,0127,רמת רחל,1,227,171,2,169,13,156,True,True,True,
01,ירושלים,3000,ירושלים,512,287279,218048,9476,208572,145877,62695,True,True,True,candidate identity repairs damaged Peres total
02,יהודה,0010,תירוש,1,260,203,9,194,181,13,True,True,True,
02,יהודה,0027,שדות מיכה,1,199,154,10,144,94,50,True,True,True,
02,יהודה,0039,גפן,1,199,160,9,151,147,4,True,True,True,name_variants:גפו
02,יהודה,0052,לוזית,1,201,151,11,140,98,42,True,True,True,
02,יהודה,0078,קריית ענבים,1,280,216,7,209,14,195,True,True,True,
02,יהודה,0208,מוצא עילית,1,640,485,19,466,95,371,True,True,True,
02,יהודה,0286,מעלה החמישה,1,417,268,9,259,41,218,True,True,True,name_variants:מעלה החמיש
02,יהודה,0364,כפר אוריה,1,219,167,11,156,85,71,True,True,True,
02,יהודה,0405,נווה אילן,1,297,189,4,185,49,136,True,True,True,name_variants:נווה אילו
02,יהודה,0456,שורש,1,177,132,5,127,30,97,True,True,True,
02,יהודה,0460,רמת רזיאל,1,294,188,4,184,86,98,True,True,True,name_variants:רמת רז יאל
02,יהודה,0462,טל שחר,1,328,261,8,253,64,189,True,True,True,
02,יהודה,0464,הראל,1,118,52,2,50,3,47,True,True,True,
02,יהודה,0465,צובה,1,408,314,5,309,22,287,True,True,True,
02,יהודה,0472,אבו גוש,4,2243,1543,172,1371,68,1303,True,True,True,
02,יהודה,0514,עין ראפה,1,249,188,19,169,7,162,True,True,True,
02,יהודה,0521,עין נקובא,1,507,420,47,373,59,314,True,True,True,name_variants:עיו נקובא
02,יהודה,0567,צרעה,1,758,557,12,545,15,530,True,True,True,
02,יהודה,0672,בית נקופה,1,253,195,3,192,92,100,True,True,True,name_variants:בית בקופה
02,יהודה,0693,"נתיב הל""ה",1,286,254,4,250,9,241,True,True,True,
02,יהודה,0710,בית זית,1,668,535,13,522,140,382,True,True,True,
02,יהודה,0740,אשתאול,1,313,264,8,256,224,32,True,True,True,
02,יהודה,0741,שואבה,1,276,228,3,225,91,134,True,True,True,
02,יהודה,0742,מסילת ציון,1,250,218,14,204,99,105,True,True,True,name_variants:מסילת ציוו
02,יהודה,0751,בית מאיר,1,283,247,7,240,218,22,True,True,True,
02,יהודה,0752,תעוז,1,312,262,10,252,208,44,True,True,True,
02,יהודה,0771,מבוא ביתר,1,207,145,4,141,104,37,True,True,True,
02,יהודה,0776,מחסיה,1,183,156,5,151,135,16,True,True,True,
02,יהודה,0777,נחשון,1,356,282,7,275,1,274,True,True,True,
02,יהודה,0778,תרום,1,288,259,7,252,246,6,True,True,True,
02,יהודה,0779,עמינדב,1,329,270,7,263,142,121,True,True,True,name_variants:עמי נדב
02,יהודה,0780,אורה,1,334,263,10,253,168,85,True,True,True,
02,יהודה,0783,אבן ספיר,1,397,315,14,301,166,135,True,True,True,name_variants:אבו ספיר
02,יהודה,0787,גבעת יערים,1,409,361,6,355,255,100,True,True,True,
02,יהודה,0794,עגור,1,221,177,7,170,141,29,True,True,True,name_variants:\­\\u
02,יהודה,0796,צלפון,1,420,343,19,324,273,51,True,True,True,name_variants:צלפוו
02,יהודה,0799,זכריה,1,358,311,11,300,227,73,True,True,True,
02,יהודה,0805,ישעי,1,375,327,7,320,300,20,True,True,True,
02,יהודה,0809,נחם,1,270,230,10,220,192,28,True,True,True,
02,יהודה,0816,זנוח,1,256,212,3,209,191,18,True,True,True,name_variants:ז נוח
02,יהודה,0822,מטע,1,226,162,3,159,80,79,True,True,True,
02,יהודה,0823,בר גיורא,1,199,166,6,160,131,29,True,True,True,name_variants:בר גיור
02,יהודה,0825,נס הרים,1,324,267,21,246,140,106,True,True,True,
02,יהודה,0859,כסלון,1,161,133,2,131,120,11,True,True,True,name_variants:כסלוו
02,יהודה,0864,בקוע,1,329,291,11,280,214,66,True,True,True,
02,יהודה,0919,גבעת ישעיהו,1,176,136,9,127,64,63,True,True,True,name_variants:גבעת יש
02,יהודה,1015,מבשרת ציון,21,11254,9131,277,8854,5036,3818,True,True,True,name_variants:מבשרת צ|מבשרת ציוו
02,יהודה,1070,אביעזר,1,260,229,15,214,147,67,True,True,True,
02,יהודה,1071,נווה מיכאל,1,197,159,6,153,128,25,True,True,True,
02,יהודה,1079,צפרירים,1,226,183,11,172,116,56,True,True,True,
02,יהודה,1113,צור הדסה,1,412,344,8,336,88,248,True,True,True,
02,יהודה,1114,שריגים (לי-און),1,135,115,1,114,60,54,True,True,True,name_variants:לי­אוו
02,יהודה,1123,אדרת,1,259,220,9,211,202,9,True,True,True,
02,יהודה,1137,קריית יערים,1,778,646,9,637,628,9,True,True,True,
02,יהודה,1254,נטף,1,149,130,2,128,11,117,True,True,True,name_variants:נ71ף
02,יהודה,2610,בית שמש,28,15393,12220,482,11738,9043,2695,True,True,True,
02,יהודה,3400,חברון,1,286,248,0,248,246,2,True,True,True,
02,יהודה,3488,כפר עציון,1,259,214,3,211,173,38,True,True,True,name_variants:כפר עצי ו ו
02,יהודה,3555,נתיב הגדוד,1,256,183,2,181,68,113,True,True,True,split from trans-region merged row; printed detail values
02,יהודה,3556,אלמוג,1,56,55,0,55,10,45,True,True,True,
02,יהודה,3558,תומר,1,127,107,1,106,42,64,True,True,True,
02,יהודה,3561,מגדל עוז,1,122,118,4,114,106,8,True,True,True,
02,יהודה,3563,תקוע,1,461,392,0,392,385,7,True,True,True,
02,יהודה,3564,כוכב השחר,1,316,290,1,289,285,4,True,True,True,name_variants:כוכב הקווור
02,יהודה,3565,רימונים,1,238,183,1,182,152,30,True,True,True,
02,יהודה,3573,חלמיש,1,464,401,3,398,393,5,True,True,True,
02,יהודה,3574,בית אל,1,763,695,7,688,684,4,True,True,True,
02,יהודה,3575,בית חורון,1,316,286,2,284,270,14,True,True,True,
02,יהודה,3576,מצפה יריחו,1,342,314,2,312,308,4,True,True,True,
02,יהודה,3601,קליה,1,147,117,2,115,22,93,True,True,True,name_variants:קל יה
02,יהודה,3602,ראש צורים,1,136,118,7,111,101,10,True,True,True,
02,יהודה,3603,הר גילה,1,195,168,4,164,81,83,True,True,True,
02,יהודה,3604,אלון שבות,2,1065,924,8,916,872,44,True,True,True,name_variants:אלון קבות
02,יהודה,3606,גלגל,1,104,83,3,80,14,66,True,True,True,
02,יהודה,3610,מצפה שלם,1,99,87,4,83,5,78,True,True,True,
02,יהודה,3611,קריית ארבע,6,2778,2297,41,2256,2173,83,True,True,True,
02,יהודה,3616,מעלה אדומים,21,10567,8899,182,8717,7223,1494,True,True,True,
02,יהודה,3617,עופרה,1,723,631,2,629,611,18,True,True,True,
02,יהודה,3618,אלעזר,1,220,183,1,182,177,5,True,True,True,
02,יהודה,3638,כפר אדומים,1,640,537,10,527,478,49,True,True,True,
02,יהודה,3639,ורד יריחו,1,101,104,0,104,67,37,True,True,False,source scan verified: registered is printed below voted; retained as printed
02,יהודה,3641,שילה,1,503,428,2,426,422,4,True,True,True,
02,יהודה,3644,גבעון החדשה,1,527,432,12,420,333,87,True,True,True,
02,יהודה,3650,אפרת,4,2548,2238,18,2220,2126,94,True,True,True,name_variants:אפרתה
02,יהודה,3651,מעלה מכמש,1,254,234,5,229,229,0,True,True,True,name_variants:מעלה מכחש
02,יהודה,3653,מעלה עמוס,1,127,102,1,101,101,0,True,True,True,
02,יהודה,3658,עטרת,1,95,87,0,87,87,0,True,True,True,
02,יהודה,3659,פסגות,1,391,357,1,356,355,1,True,True,True,name_variants:פסבות
02,יהודה,3714,בית אל ב',2,825,785,4,781,778,3,True,True,True,
02,יהודה,3715,עלמון,1,296,245,4,241,200,41,True,True,True,name_variants:שכמוו
02,יהודה,3723,פני חבר,1,62,58,0,58,58,0,True,True,True,
02,יהודה,3725,נווה דניאל,1,243,217,1,216,212,4,True,True,True,
02,יהודה,3726,נוקדים,2,265,210,2,208,195,13,True,True,True,name_variants:בדים
02,יהודה,3730,גבעת זאב,8,4190,3546,58,3488,2680,808,True,True,True,
02,יהודה,3747,דולב,1,204,196,0,196,196,0,True,True,True,
02,יהודה,3748,עתניאל,1,144,115,1,114,112,2,True,True,True,
02,יהודה,3752,מעלה לבונה,1,181,159,2,157,157,0,True,True,True,
02,יהודה,3754,אספר,1,91,70,0,70,69,1,True,True,True,
02,יהודה,3759,אדורה,1,153,120,2,118,101,17,True,True,True,name_variants:היקוו ב­ אדורה
02,יהודה,3763,גבע בנימין,1,243,211,7,204,162,42,True,True,True,name_variants:גבע בנימיו
02,יהודה,3764,חגי,1,87,86,0,86,85,1,True,True,True,
02,יהודה,3765,עלי,1,428,386,0,386,375,11,True,True,True,
02,יהודה,3766,כרמי צור,1,122,119,4,115,112,3,True,True,True,
02,יהודה,3767,נחליאל,1,113,102,0,102,102,0,True,True,True,
02,יהודה,3769,הר אדר,2,924,751,13,738,234,504,True,True,True,
02,יהודה,3779,כוכב יעקב,1,316,288,3,285,284,1,True,True,True,
02,יהודה,3780,ביתר עילית,4,2597,2436,63,2373,2365,8,True,True,True,
02,יהודה,3781,קדר,1,105,87,0,87,75,12,True,True,True,
02,יהודה,3788,טלמון,1,278,263,1,262,261,1,True,True,True,"visual source-page repair: Talmon candidate split is Netanyahu 261, Peres 1"
02,יהודה,3794,בת עין,1,139,124,2,122,122,0,True,True,True,name_variants:בת עי ו
03,צפת,0026,ראש פינה,2,1275,1005,39,966,351,615,True,True,True,
03,צפת,0029,יסוד המעלה,1,663,547,8,539,281,258,True,True,True,
03,צפת,0035,גדות,1,332,233,3,230,12,218,True,True,True,
03,צפת,0043,מטולה,1,781,616,13,603,241,362,True,True,True,
03,צפת,0076,כפר גלעדי,1,609,447,12,435,21,414,True,True,True,
03,צפת,0077,איילת השחר,1,646,518,15,503,22,481,True,True,True,
03,צפת,0253,חולתה,1,384,302,10,292,13,279,True,True,True,
03,צפת,0302,דפנה,1,537,448,14,434,19,415,True,True,True,
03,צפת,0303,דן,1,412,321,5,316,13,303,True,True,True,name_variants:דו
03,צפת,0308,מחניים,1,350,273,3,270,12,258,True,True,True,
03,צפת,0319,עמיר,1,458,391,9,382,5,377,True,True,True,
03,צפת,0322,בית הלל,1,301,239,4,235,41,194,True,True,True,
03,צפת,0324,שאר ישוב,1,224,181,3,178,71,107,True,True,True,
03,צפת,0329,שדה נחמיה,1,341,266,5,261,8,253,True,True,True,
03,צפת,0345,כפר סאלד,1,438,343,11,332,6,326,True,True,True,
03,צפת,0347,מנרה,1,208,149,4,145,0,145,True,True,True,
03,צפת,0356,הגושרים,1,440,342,8,334,16,318,True,True,True,
03,צפת,0357,כפר בלום,1,525,392,7,385,17,368,True,True,True,
03,צפת,0366,שמיר,1,430,334,6,328,6,322,True,True,True,
03,צפת,0368,בירייה,1,376,310,9,301,199,102,True,True,True,
03,צפת,0372,רמות נפתלי,1,298,255,1,254,107,147,True,True,True,
03,צפת,0378,משגב עם,1,191,150,3,147,12,135,True,True,True,name_variants:מקוגב עם
03,צפת,0380,להבות הבשן,1,351,276,4,272,11,261,True,True,True,
03,צפת,0385,עמיעד,1,420,312,0,312,6,306,True,True,True,
03,צפת,0408,נאות מרדכי,1,511,399,13,386,46,340,True,True,True,
03,צפת,0416,מעיין ברוך,1,273,204,2,202,15,187,True,True,True,name_variants:מעיו ברור
03,צפת,0431,דלתון,1,464,389,7,382,369,13,True,True,True,
03,צפת,0443,כפר הנשיא,1,570,367,10,357,17,340,True,True,True,name_variants:כפר הנקיא
03,צפת,0453,יפתח,1,369,300,3,297,16,281,True,True,True,
03,צפת,0487,ג'ש (גוש חלב),3,1600,1186,93,1093,28,1065,True,True,True,name_variants:גיש )גוש חלב(
03,צפת,0540,ריחאנייה,1,515,416,14,402,41,361,True,True,True,
03,צפת,0578,סאסא,1,355,248,7,241,6,235,True,True,True,restored omitted printed locality row
03,צפת,0596,מלכייה,1,380,264,0,264,15,249,True,True,True,
03,צפת,0599,פרוד,1,227,170,3,167,10,157,True,True,True,
03,צפת,0605,כפר שמאי,1,177,141,4,137,108,29,True,True,True,name_variants:בפר שמא
03,צפת,0607,מירון,1,342,273,4,269,260,9,True,True,True,name_variants:מירוו
03,צפת,0609,כפר חושן,1,322,265,14,251,183,68,True,True,True,name_variants:ספסופה
03,צפת,0623,יראון,1,291,203,0,203,6,197,True,True,True,name_variants:יראוו
03,צפת,0664,כרם בן זמרה,1,237,197,13,184,148,36,True,True,True,name_variants:ברם בו זמרה
03,צפת,0667,ברעם,1,410,304,2,302,2,300,True,True,True,
03,צפת,0688,עלמה,1,462,396,7,389,377,12,True,True,True,
03,צפת,0730,אליפלט,1,284,221,5,216,176,40,True,True,True,name_variants:אל יפלט
03,צפת,0732,משמר הירדן,1,193,159,3,156,142,14,True,True,True,name_variants:משמר ה ירדו
03,צפת,0843,מרגליות,1,236,194,7,187,104,83,True,True,True,
03,צפת,0846,שפר,1,176,131,2,129,86,43,True,True,True,
03,צפת,0852,גונן,1,314,239,5,234,12,222,True,True,True,name_variants:גונו
03,צפת,0861,שדה אליעזר,1,301,234,9,225,124,101,True,True,True,
03,צפת,0962,טובא-זנגריה,3,2019,1458,22,1436,26,1410,True,True,True,name_variants:טובא­זנגרי
03,צפת,1047,חזון,1,290,242,9,233,222,11,True,True,True,
03,צפת,1064,אמירים,1,288,216,8,208,48,160,True,True,True,
03,צפת,1067,"דוב""ב",1,249,212,5,207,162,45,True,True,True,candidate identity repairs damaged Peres digit
03,צפת,1115,אביבים,1,250,203,6,197,174,23,True,True,True,
03,צפת,1132,שניר,1,167,126,0,126,7,119,True,True,True,
03,צפת,1163,מורן,1,140,123,2,121,51,70,True,True,True,name_variants:מורו
03,צפת,1210,כחל,1,153,141,1,140,27,113,True,True,True,
03,צפת,1212,עמוקה,1,114,100,3,97,12,85,True,True,True,
03,צפת,1252,כורזים,1,204,156,3,153,27,126,True,True,True,
03,צפת,1285,כרכום,1,138,124,1,123,57,66,True,True,True,
03,צפת,2009,יובל,1,268,213,8,205,85,120,True,True,True,
03,צפת,2034,חצור הגלילית,9,5449,4395,173,4222,3353,869,True,True,True,
03,צפת,2063,דישון,1,243,197,6,191,141,50,True,True,True,name_variants:דיקוו
03,צפת,2800,קריית שמונה,22,14279,10751,530,10221,7069,3152,True,True,True,name_variants:קרית קמונה
03,צפת,4001,בוקעאתא,1,207,52,6,46,25,21,True,True,True,name_variants:בוקעאתה
03,צפת,4003,אל-רום,1,250,172,11,161,33,128,True,True,True,name_variants:אל­רום
03,צפת,4006,קשת,1,223,206,1,205,203,2,True,True,True,"name_variants:קק™,"
03,צפת,4010,אודם,1,49,42,7,35,28,7,True,True,True,
03,צפת,4013,אורטל,1,132,104,6,98,42,56,True,True,True,name_variants:אורו1ל
03,צפת,4025,קדמת צבי,1,95,85,5,80,40,40,True,True,True,
03,צפת,4100,קצרין,5,3656,2784,117,2667,1465,1202,True,True,True,name_variants:קצרי ו
03,צפת,4101,מרום גולן,1,369,280,10,270,76,194,True,True,True,name_variants:מרום גולו
03,צפת,4201,מג'דל שמס,1,197,48,3,45,39,6,True,True,True,
03,צפת,4303,"נווה אטי""ב",1,106,88,7,81,63,18,True,True,True,"name_variants:נווה א/1י""ב"
03,צפת,4501,ע'ג'ר,1,669,553,2,551,7,544,True,True,True,name_variants:/1יגי7
03,צפת,4503,עין זיוון,1,174,124,5,119,16,103,True,True,True,name_variants:עיו זיווו
03,צפת,8000,צפת,25,15338,11624,577,11047,8395,2652,True,True,True,"printed locality total: Peres 2,652"
04,כנרת,0046,יבנאל,2,1317,1092,25,1067,723,344,True,True,True,
04,כנרת,0047,כפר תבור,1,982,779,14,765,254,511,True,True,True,used full two-substation Kfar Tavor total
04,כנרת,0048,מנחמיה,1,886,706,17,689,435,254,True,True,True,
04,כנרת,0049,אילנייה,1,270,201,2,199,105,94,True,True,True,
04,כנרת,0057,כנרת (קבוצה),1,622,443,20,423,30,393,True,True,True,name_variants:בנרת )קבו
04,כנרת,0058,מצפה,1,86,78,0,78,35,43,True,True,True,
04,כנרת,0062,דגניה א',1,460,378,8,370,20,350,True,True,True,
04,כנרת,0063,כנרת (מושבה),1,264,224,6,218,100,118,True,True,True,name_variants:כנרת נמוק
04,כנרת,0065,מגדל,1,791,599,18,581,465,116,True,True,True,name_variants:מג.דל
04,כנרת,0079,דגניה ב',1,470,368,5,363,20,343,True,True,True,name_variants:דגניה בי
04,כנרת,0143,בית זרע,1,576,446,6,440,14,426,True,True,True,
04,כנרת,0176,אפיקים,2,1075,866,21,845,31,814,True,True,True,
04,כנרת,0188,אשדות יעקב (מאוחד),1,374,263,8,255,6,249,True,True,True,name_variants:אקדות יעקבנמאוחד(
04,כנרת,0199,אשדות יעקב (איחוד),1,401,329,9,320,24,296,True,True,True,name_variants:אשדות יעקבנאיחוד(
04,כנרת,0255,כפר חיטים,1,221,176,7,169,38,131,True,True,True,name_variants:בפר חיטים
04,כנרת,0262,גינוסר,1,448,354,10,344,20,324,True,True,True,name_variants:גי נוטר
04,כנרת,0263,מסדה,1,242,202,5,197,18,179,True,True,True,name_variants:חסדה
04,כנרת,0264,שער הגולן,1,526,437,3,434,16,418,True,True,True,name_variants:קער הגולו
04,כנרת,0273,עין גב,1,384,306,19,287,29,258,True,True,True,name_variants:עיו גב
04,כנרת,0292,שרונה,1,265,219,2,217,42,175,True,True,True,name_variants:קרונה
04,כנרת,0305,גשר,1,398,324,6,318,22,296,True,True,True,
04,כנרת,0306,שדמות דבורה,1,298,247,7,240,61,179,True,True,True,name_variants:קודמות דבו
04,כנרת,0307,הזורעים,1,289,245,5,240,217,23,True,True,True,
04,כנרת,0330,אלומות,1,168,120,2,118,7,111,True,True,True,
04,כנרת,0365,בית קשת,1,260,188,9,179,6,173,True,True,True,
04,כנרת,0374,חוקוק,1,252,174,4,170,6,164,True,True,True,
04,כנרת,0388,כפר קיש,1,230,175,8,167,41,126,True,True,True,
04,כנרת,0481,מגאר,15,7835,5503,346,5157,577,4580,True,True,True,
04,כנרת,0508,כפר כמא,2,1503,1033,94,939,54,885,True,True,True,name_variants:כפר כתא
04,כנרת,0530,עיילבון,3,2043,1800,60,1740,41,1699,True,True,True,name_variants:עיילבוו
04,כנרת,0585,לביא,1,371,316,12,304,263,41,True,True,True,name_variants:ה ישו1
04,כנרת,0678,מעגן,2,611,456,17,439,27,412,True,True,True,name_variants:מעג.ו|0א0א
04,כנרת,0701,ארבל,1,222,179,5,174,57,117,True,True,True,name_variants:ארבכ
04,כנרת,0702,האון,1,150,110,3,107,27,80,True,True,True,name_variants:האוו
04,כנרת,0719,תל קציר,1,228,169,3,166,17,149,True,True,True,
04,כנרת,0721,שדה אילן,1,255,220,4,216,196,20,True,True,True,name_variants:שדה אילו
04,כנרת,0786,כפר זיתים,1,269,213,10,203,167,36,True,True,True,name_variants:בפר ז יתים
04,כנרת,0913,שבלי - אום אל-גנם,3,1489,872,81,791,74,717,True,True,True,name_variants:קבלי
04,כנרת,0993,חמאם,1,570,470,28,442,16,426,True,True,True,
04,כנרת,1104,פוריה - כפר עבודה,1,140,110,4,106,93,13,True,True,True,name_variants:מוריה ­ כפר עבודה
04,כנרת,1105,פוריה - נווה עובד,1,504,389,18,371,298,73,True,True,True,name_variants:פוריה ­ נווה עובד
04,כנרת,1125,אלמגור,1,198,168,4,164,22,142,True,True,True,name_variants:אכמגור
04,כנרת,1190,מצפה נטופה,1,175,157,7,150,116,34,True,True,True,
04,כנרת,1214,טפחות,1,68,63,0,63,63,0,True,True,True,
04,כנרת,1229,כלנית,1,67,65,1,64,62,2,True,True,True,
04,כנרת,1230,לבנים,1,152,129,2,127,74,53,True,True,True,
04,כנרת,1253,אמנון,1,145,118,9,109,49,60,True,True,True,
04,כנרת,1258,מסד,1,156,136,4,132,42,90,True,True,True,
04,כנרת,1293,גבעת אבני,1,604,519,8,511,224,287,True,True,True,
04,כנרת,1299,שעורים,1,176,129,10,119,111,8,True,True,True,
04,כנרת,1313,פורייה עילית,1,169,126,9,117,43,74,True,True,True,name_variants:פוריה עילי
04,כנרת,4002,אלי-עד,1,116,98,4,94,45,49,True,True,True,name_variants:אלי על
04,כנרת,4004,כפר חרוב,1,207,146,6,140,32,108,True,True,True,
04,כנרת,4005,חספין,1,339,284,1,283,283,0,True,True,True,name_variants:חסם י ו
04,כנרת,4007,יונתן,1,95,81,2,79,75,4,True,True,True,name_variants:יונתו
04,כנרת,4008,מעלה גמלא,1,150,125,7,118,36,82,True,True,True,
04,כנרת,4011,אבני איתן,1,99,90,0,90,85,5,True,True,True,name_variants:אבני איתו
04,כנרת,4012,אניעם,1,114,84,1,83,29,54,True,True,True,
04,כנרת,4015,בני יהודה,1,539,426,11,415,171,244,True,True,True,
04,כנרת,4021,גבעת יואב,1,252,196,10,186,90,96,True,True,True,
04,כנרת,4022,גשור,1,97,78,1,77,9,68,True,True,True,
04,כנרת,4026,חד-נס,1,131,111,4,107,57,50,True,True,True,name_variants:חד­נס
04,כנרת,4028,כנף,1,68,60,2,58,29,29,True,True,True,
04,כנרת,4204,מבוא חמה,1,275,177,6,171,27,144,True,True,True,
04,כנרת,4301,אפיק,1,206,149,6,143,41,102,True,True,True,
04,כנרת,4304,נוב,1,215,172,3,169,166,3,True,True,True,
04,כנרת,4551,נאות גולן,1,146,104,5,99,33,66,True,True,True,name_variants:נאות גולו
04,כנרת,4701,רמת מגשימים,1,311,257,3,254,238,16,True,True,True,name_variants:רמת מגשימ
04,כנרת,4702,רמות,1,310,231,14,217,69,148,True,True,True,
04,כנרת,6700,טבריה,41,25966,19769,899,18870,14042,4828,True,True,True,missing_registered
05,יזרעאל,0066,מרחביה (קיבוץ),1,486,399,7,392,15,377,True,True,True,
05,יזרעאל,0080,נהלל,1,549,443,16,427,124,303,True,True,True,name_variants:הי קוב­­ נהלל
05,יזרעאל,0082,עין חרוד (מאוחד),1,678,536,9,527,54,473,True,True,True,name_variants:עיו חרוד )מאוחד(
05,יזרעאל,0084,תל יוסף,1,371,281,9,272,21,251,True,True,True,
05,יזרעאל,0085,כפר יחזקאל,1,382,334,7,327,53,274,True,True,True,name_variants:בפר יחזקאל
05,יזרעאל,0086,גבע,1,453,364,8,356,11,345,True,True,True,
05,יזרעאל,0089,עין חרוד (איחוד),1,538,436,10,426,36,390,True,True,True,
05,יזרעאל,0090,חפצי-בה,1,395,306,9,297,7,290,True,True,True,name_variants:חפצי­בה
05,יזרעאל,0092,גיניגר,1,383,298,5,293,15,278,True,True,True,
05,יזרעאל,0094,בלפוריה,1,199,175,5,170,40,130,True,True,True,
05,יזרעאל,0095,בית אלפא,1,594,475,4,471,9,462,True,True,True,
05,יזרעאל,0097,מרחביה (מושב),1,246,210,3,207,63,144,True,True,True,name_variants:מרחביה )מ
05,יזרעאל,0103,תל עדשים,1,312,265,11,254,116,138,True,True,True,name_variants:תל עדקים
05,יזרעאל,0104,מזרע,1,721,538,7,531,19,512,True,True,True,
05,יזרעאל,0106,כפר גדעון,1,100,82,2,80,70,10,True,True,True,
05,יזרעאל,0113,אדירים,1,230,197,5,192,181,11,True,True,True,
05,יזרעאל,0122,רמת ישי,3,2203,1775,52,1723,698,1025,True,True,True,name_variants:רמת יקי
05,יזרעאל,0126,שריד,1,603,461,1,460,17,443,True,True,True,name_variants:קריד
05,יזרעאל,0130,משמר העמק,1,707,562,4,558,14,544,True,True,True,name_variants:מקמר העמק
05,יזרעאל,0132,כפר ברוך,1,202,167,7,160,39,121,True,True,True,name_variants:בפר ברור
05,יזרעאל,0133,גבת,1,585,487,11,476,15,461,True,True,True,name_variants:ג.בת
05,יזרעאל,0134,יפעת,1,597,465,11,454,25,429,True,True,True,
05,יזרעאל,0135,רמת דוד,1,358,262,3,259,26,233,True,True,True,
05,יזרעאל,0140,כפר יהושע,1,492,432,17,415,60,355,True,True,True,name_variants:בפר יהוקע
05,יזרעאל,0141,ברק,1,267,211,11,200,92,108,True,True,True,
05,יזרעאל,0142,שדה יעקב,1,367,272,11,261,174,87,True,True,True,name_variants:קדה יעקב
05,יזרעאל,0145,גדיש,1,256,209,17,192,162,30,True,True,True,name_variants:גד יק
05,יזרעאל,0146,דבורה,1,219,177,8,169,45,124,True,True,True,
05,יזרעאל,0164,מלאה,1,198,167,1,166,131,35,True,True,True,name_variants:תלאה
05,יזרעאל,0165,ניר יפה,1,243,176,4,172,45,127,True,True,True,
05,יזרעאל,0192,כפר החורש,1,329,283,5,278,11,267,True,True,True,name_variants:בפר החורש
05,יזרעאל,0240,יקנעם עילית,11,7178,5728,296,5432,3464,1968,True,True,True,"printed turnout and candidate identities: valid 5,432"
05,יזרעאל,0241,יקנעם (מושבה),1,649,524,22,502,111,391,True,True,True,name_variants:יקנעם )תושב
05,יזרעאל,0242,בית השיטה,2,921,730,12,718,45,673,True,True,True,name_variants:בית nwifn
05,יזרעאל,0248,בית שערים,1,294,233,8,225,58,167,True,True,True,
05,יזרעאל,0250,הזורע,1,838,662,18,644,23,621,True,True,True,name_variants:הז ורע
05,יזרעאל,0256,ניר דוד (תל עמל),1,570,458,7,451,8,443,True,True,True,
05,יזרעאל,0259,שדה נחום,1,239,194,7,187,14,173,True,True,True,
05,יזרעאל,0265,בית יוסף,1,245,205,19,186,148,38,True,True,True,
05,יזרעאל,0268,טירת צבי,1,453,381,10,371,285,86,True,True,True,
05,יזרעאל,0269,מולדת,1,404,348,14,334,39,295,True,True,True,
05,יזרעאל,0270,עין השופט,1,721,512,9,503,11,492,True,True,True,
05,יזרעאל,0272,מעוז חיים,1,441,346,9,337,12,325,True,True,True,
05,יזרעאל,0285,אלונים,1,463,379,9,370,14,356,True,True,True,
05,יזרעאל,0295,כפר רופין,1,329,266,12,254,26,228,True,True,True,name_variants:כפר רוםיו
05,יזרעאל,0296,נווה איתן,1,220,173,5,168,9,159,True,True,True,
05,יזרעאל,0298,מסילות,1,484,373,10,363,6,357,True,True,True,
05,יזרעאל,0300,דלייה,1,615,485,2,483,11,472,True,True,True,
05,יזרעאל,0304,שדה אליהו,1,476,377,6,371,299,72,True,True,True,name_variants:קח­ה אליהו
05,יזרעאל,0335,רמת השופט,1,537,410,9,401,19,382,True,True,True,name_variants:רחת הקווםט
05,יזרעאל,0339,רמת צבי,1,241,192,6,186,28,158,True,True,True,
05,יזרעאל,0343,חמדיה,1,340,276,8,268,37,231,True,True,True,name_variants:המדיה
05,יזרעאל,0367,עין העמק,1,330,252,7,245,172,73,True,True,True,
05,יזרעאל,0369,גלעד (אבן יצחק),1,291,222,4,218,12,206,True,True,True,name_variants:אבן יצחק )גלעד(
05,יזרעאל,0383,"עין הנצי""ב",1,415,355,7,348,256,92,True,True,True,
05,יזרעאל,0407,דברת,1,254,190,4,186,23,163,True,True,True,
05,יזרעאל,0429,אלוני אבא,1,139,122,5,117,13,104,True,True,True,
05,יזרעאל,0430,בית לחם הגלילית,1,321,264,8,256,56,200,True,True,True,
05,יזרעאל,0436,עין דור,1,655,469,11,458,21,437,True,True,True,name_variants:עיו דור
05,יזרעאל,0437,רשפים,1,366,319,2,317,7,310,True,True,True,
05,יזרעאל,0439,שלוחות,1,354,278,7,271,210,61,True,True,True,
05,יזרעאל,0442,גדעונה,1,108,80,7,73,67,6,True,True,True,
05,יזרעאל,0445,רמות מנשה,1,454,377,10,367,11,356,True,True,True,name_variants:רמות מנקה
05,יזרעאל,0452,יזרעאל,1,518,331,9,322,15,307,True,True,True,
05,יזרעאל,0457,גזית,1,507,410,4,406,2,404,True,True,True,name_variants:\\ ית
05,יזרעאל,0475,דחי,1,247,87,6,81,1,80,True,True,True,
05,יזרעאל,0478,אכסאל,7,5069,4116,261,3855,58,3797,True,True,True,name_variants:אם אל­גנם
05,יזרעאל,0482,בועיינה-נוג'ידאת,4,2682,2323,35,2288,49,2239,True,True,True,name_variants:בועיינה­נוגיידאת
05,יזרעאל,0489,דבוריה,5,3688,3231,229,3002,32,2970,True,True,True,
05,יזרעאל,0497,טייבה (בעמק),1,549,455,13,442,14,428,True,True,True,name_variants:טייבה
05,יזרעאל,0498,טורעאן,7,4689,3678,211,3467,37,3430,True,True,True,name_variants:טורעאו
05,יזרעאל,0499,יפיע,9,6420,4607,432,4175,150,4025,True,True,True,name_variants:יסיע
05,יזרעאל,0509,כפר כנא,9,6760,5149,600,4549,135,4414,True,True,True,name_variants:כפר כ נא
05,יזרעאל,0511,עילוט,4,2324,1298,154,1144,21,1123,True,True,True,
05,יזרעאל,0512,כפר מצר,1,825,633,47,586,29,557,True,True,True,name_variants:בפר מצר
05,יזרעאל,0520,משהד,4,2635,2027,261,1766,123,1643,True,True,True,name_variants:ה ישו1
05,יזרעאל,0523,ניין,1,650,600,18,582,6,576,True,True,True,name_variants:נייו
05,יזרעאל,0524,נאעורה,1,672,537,2,535,2,533,True,True,True,
05,יזרעאל,0526,סולם,2,1036,857,57,800,0,800,True,True,True,
05,יזרעאל,0528,עוזייר,1,856,665,0,665,8,657,True,True,True,name_variants:/1וז ייר
05,יזרעאל,0532,עין מאהל,6,4338,3390,53,3337,47,3290,True,True,True,name_variants:עי ו נ/א
05,יזרעאל,0539,רומאנה,1,285,241,30,211,18,193,True,True,True,
05,יזרעאל,0542,ריינה,9,5259,4045,358,3687,61,3626,True,True,True,
05,יזרעאל,0547,טמרה (יזרעאל),1,505,320,35,285,13,272,True,True,True,name_variants:;1מרה )יזרעאל(
05,יזרעאל,0586,מגידו,1,292,237,11,226,32,194,True,True,True,replaced merged block with printed Megiddo ballot
05,יזרעאל,0590,נווה אור,1,261,209,0,209,6,203,True,True,True,
05,יזרעאל,0613,ציפורי,1,243,180,2,178,43,135,True,True,True,
05,יזרעאל,0636,צנדלה,5,3094,2260,147,2113,238,1875,True,True,True,name_variants:םקיעי
05,יזרעאל,0677,הסוללים,1,253,206,3,203,36,167,True,True,True,
05,יזרעאל,0682,אליקים,1,364,308,19,289,277,12,True,True,True,
05,יזרעאל,0684,היוגב,1,420,353,4,349,72,277,True,True,True,
05,יזרעאל,0703,גבעת עוז,1,372,283,6,277,9,268,True,True,True,
05,יזרעאל,0854,רחוב,1,213,172,5,167,160,7,True,True,True,
05,יזרעאל,0874,מגדל העמק,25,15938,12314,635,11679,7425,4254,True,True,True,
05,יזרעאל,0944,בסמת טבעון,4,2498,1733,122,1611,96,1515,True,True,True,name_variants:בסמת טבעוו
05,יזרעאל,0975,זרזיר,3,2298,1594,115,1479,249,1230,True,True,True,name_variants:ה יק^ב­ זרזיר
05,יזרעאל,0977,חגיאגירה,1,457,332,56,276,4,272,True,True,True,
05,יזרעאל,0978,כעביה-טבאש-חג'אג'רה,2,1120,583,40,543,87,456,True,True,True,name_variants:כעביה­טבאקו
05,יזרעאל,0986,ח'ואלד (שבט),1,253,246,6,240,27,213,True,True,True,name_variants:וו1 ואלד
05,יזרעאל,0994,מנשית זבדה,1,320,257,25,232,30,202,True,True,True,name_variants:מנקית זבדה
05,יזרעאל,0997,רומת הייב,1,584,352,15,337,47,290,True,True,True,name_variants:nn­n היב
05,יזרעאל,1061,נצרת עילית,49,32757,23397,1684,21713,11137,10576,True,True,True,name_variants:הישו1
05,יזרעאל,1069,רם-און,1,269,232,3,229,37,192,True,True,True,name_variants:רם­און
05,יזרעאל,1108,אומן,1,142,118,6,112,64,48,True,True,True,name_variants:אומו
05,יזרעאל,1127,מעלה גלבוע,1,114,98,0,98,65,33,True,True,True,
05,יזרעאל,1155,מגן שאול,1,192,141,1,140,76,64,True,True,True,name_variants:מגו שאול
05,יזרעאל,1162,בית רימון,1,71,65,2,63,35,28,True,True,True,name_variants:בית רימוו
05,יזרעאל,1182,אלון הגליל,1,275,249,1,248,37,211,True,True,True,
05,יזרעאל,1186,הושעיה,1,293,260,3,257,201,56,True,True,True,
05,יזרעאל,1244,תמרת,1,795,657,8,649,96,553,True,True,True,name_variants:תחרת
05,יזרעאל,1274,גן נר,1,507,511,10,501,283,218,True,True,False,source scan verified: registered is printed below voted; retained as printed
05,יזרעאל,1282,מירב,1,78,69,2,67,64,3,True,True,True,
05,יזרעאל,1283,תל תאומים,1,142,100,3,97,90,7,True,True,True,
05,יזרעאל,1288,גבעת אלה,1,805,695,6,689,119,570,True,True,True,
05,יזרעאל,2016,רוויה,1,231,158,5,153,144,9,True,True,True,
05,יזרעאל,2026,ירדנה,1,223,165,3,162,97,65,True,True,True,
05,יזרעאל,2029,מדרך עוז,1,343,269,13,256,190,66,True,True,True,
05,יזרעאל,2052,אביטל,1,293,247,4,243,220,23,True,True,True,
05,יזרעאל,2053,פרזון,1,265,223,8,215,165,50,True,True,True,name_variants:פרז וו
05,יזרעאל,2054,מיטב,1,271,226,0,226,204,22,True,True,True,
05,יזרעאל,2057,שדי תרומות,1,302,234,2,232,227,5,True,True,True,name_variants:קודי תרומות
05,יזרעאל,3566,יפית,1,87,45,0,45,22,23,True,True,True,
05,יזרעאל,3578,שדמות מחולה,1,120,106,1,105,104,1,True,True,True,name_variants:קודמות מחולה
05,יזרעאל,3598,ארגמן,1,79,68,2,66,54,12,True,True,True,
05,יזרעאל,3599,מחולה,1,152,139,2,137,130,7,True,True,True,
05,יזרעאל,3605,משואה,1,108,73,1,72,41,31,True,True,True,
05,יזרעאל,3608,מעלה אפרים,2,941,689,14,675,411,264,True,True,True,
05,יזרעאל,3609,חמרה,1,128,90,2,88,56,32,True,True,True,
05,יזרעאל,3612,בקעות,1,108,77,0,77,40,37,True,True,True,
05,יזרעאל,3613,גיתית,1,73,57,0,57,37,20,True,True,True,
05,יזרעאל,3614,מכורה,1,96,70,2,68,26,42,True,True,True,
05,יזרעאל,3615,פצאל,1,163,134,0,134,54,80,True,True,True,
05,יזרעאל,3619,רועי,1,92,75,3,72,27,45,True,True,True,
05,יזרעאל,3751,מגדלים,2,137,112,5,107,88,19,True,True,True,name_variants:גנים
05,יזרעאל,7300,נצרת,58,36533,26214,2242,23972,331,23641,True,True,True,
05,יזרעאל,7700,עפולה,36,24472,18753,885,17868,11503,6365,True,True,True,
05,יזרעאל,9200,בית שאן,15,10150,7785,504,7281,5655,1626,True,True,True,name_variants:בית שאו
06,עכו,0280,חניתה,1,531,361,4,357,13,344,True,True,True,
06,עכו,0281,פקיעין חדשה,1,165,135,9,126,84,42,True,True,True,
06,עכו,0282,שבי ציון,1,549,401,9,392,109,283,True,True,True,name_variants:קבי ציוו
06,עכו,0289,עין המפרץ,1,653,535,9,526,7,519,True,True,True,name_variants:עיו המפרץ
06,עכו,0294,אילון,1,540,454,11,443,7,436,True,True,True,name_variants:אילוו
06,עכו,0297,כפר מסריק,1,499,414,5,409,10,399,True,True,True,name_variants:בפר מסריח
06,עכו,0313,אפק,1,383,307,15,292,15,277,True,True,True,
06,עכו,0325,מצובה,1,407,295,5,290,12,278,True,True,True,
06,עכו,0376,עברון,1,518,432,10,422,9,413,True,True,True,name_variants:עברוו
06,עכו,0390,רגבה,1,443,354,9,345,10,335,True,True,True,
06,עכו,0409,יחיעם,1,382,284,4,280,7,273,True,True,True,
06,עכו,0432,שמרת,1,324,251,5,246,3,243,True,True,True,
06,עכו,0454,סער,1,274,211,0,211,5,206,True,True,True,
06,עכו,0463,געתון,1,382,279,4,275,8,267,True,True,True,name_variants:געתוו
06,עכו,0473,אבו סנאן,8,4925,3961,336,3625,423,3202,True,True,True,name_variants:אבו סנא
06,עכו,0480,בית ג'ן,8,4460,3646,110,3536,1329,2207,True,True,True,name_variants:בית בי7
06,עכו,0483,בענה,4,2812,2167,299,1868,82,1786,True,True,True,
06,עכו,0485,ג'ולס,3,2516,2042,81,1961,882,1079,True,True,True,name_variants:גיולס
06,עכו,0490,דייר אל-אסד,5,3897,3526,54,3472,48,3424,True,True,True,name_variants:דייר אל­אסד
06,עכו,0492,דייר חנא,6,3605,3204,209,2995,26,2969,True,True,True,name_variants:דייר תנא
06,עכו,0496,חורפיש,3,2220,1758,25,1733,434,1299,True,True,True,name_variants:חורפיק
06,עכו,0502,ירכא,9,5145,3608,156,3452,1048,2404,True,True,True,
06,עכו,0504,כאבול,6,3904,3254,212,3042,29,3013,True,True,True,
06,עכו,0505,כאוכב אבו אל-היג'א,2,1359,1087,70,1017,4,1013,True,True,True,split merged Kaokab/Mazor rows; visual source-page code 0505 and printed total
06,עכו,0507,כפר יאסיף,7,4463,3708,166,3542,68,3474,True,True,True,name_variants:בפר י אסיף
06,עכו,0510,כפר מנדא,10,5121,4314,472,3842,113,3729,True,True,True,
06,עכו,0517,מזרעה,2,1642,1426,64,1362,19,1343,True,True,True,name_variants:מז רעה
06,עכו,0518,מעיליא,3,1638,1451,36,1415,18,1397,True,True,True,
06,עכו,0522,נחף,6,3727,2869,332,2537,78,2459,True,True,True,
06,עכו,0525,סאג'ור,2,1331,1045,25,1020,351,669,True,True,True,name_variants:סאגיור
06,עכו,0527,שזור,1,214,171,15,156,103,53,True,True,True,name_variants:קזור
06,עכו,0529,אעבלין,7,4831,4560,97,4463,74,4389,True,True,True,name_variants:אעבליו
06,עכו,0531,עראבה,11,7809,6186,177,6009,75,5934,True,True,True,
06,עכו,0535,פסוטה,3,1699,1316,59,1257,35,1222,True,True,True,name_variants:פס ושה
06,עכו,0538,שעב,3,2344,2038,189,1849,32,1817,True,True,True,
06,עכו,0543,ראמה,6,4229,3176,215,2961,319,2642,True,True,True,
06,עכו,0546,עין אל-אסד,1,366,268,2,266,67,199,True,True,True,name_variants:עין אל­אסד
06,עכו,0559,בוסתן הגליל,1,318,250,5,245,64,181,True,True,True,
06,עכו,0570,מעונה,1,285,219,10,209,120,89,True,True,True,name_variants:תעונה
06,עכו,0572,בית העמק,1,384,278,4,274,13,261,True,True,True,
06,עכו,0574,גשר הזיו,1,402,284,9,275,27,248,True,True,True,name_variants:גקר הזיו
06,עכו,0575,יסעור,1,354,261,2,259,43,216,True,True,True,
06,עכו,0576,כברי,1,625,503,9,494,8,486,True,True,True,
06,עכו,0579,כפר ראש הנקרה,1,449,359,10,349,19,330,True,True,True,name_variants:בפר ראקו הנקרה
06,עכו,0589,בצת,1,226,192,9,183,67,116,True,True,True,
06,עכו,0595,לוחמי הגיטאות,1,358,298,6,292,13,279,True,True,True,
06,עכו,0603,אלקוש,1,266,225,6,219,125,94,True,True,True,name_variants:היק^ב­ אלקוקו
06,עכו,0614,שומרה,1,220,188,7,181,133,48,True,True,True,name_variants:קוו מרה
06,עכו,0658,שייח' דנון,2,918,766,44,722,7,715,True,True,True,name_variants:קניית' דנוו
06,עכו,0662,חוסן,1,218,180,0,180,160,20,True,True,True,name_variants:חוסו
06,עכו,0674,לימן,1,255,197,6,191,79,112,True,True,True,name_variants:לימו
06,עכו,0708,עמקה,1,365,314,11,303,260,43,True,True,True,
06,עכו,0712,בן עמי,1,275,224,10,214,74,140,True,True,True,name_variants:בו עמי
06,עכו,0755,גורן,1,272,223,11,212,136,76,True,True,True,name_variants:גורו
06,עכו,0774,צוריאל,1,183,156,2,154,110,44,True,True,True,
06,עכו,0785,אחיהוד,1,378,328,9,319,309,10,True,True,True,
06,עכו,0792,נתיב השיירה,1,271,217,5,212,69,143,True,True,True,
06,עכו,0795,יערה,1,225,189,10,179,114,65,True,True,True,
06,עכו,0812,שלומי,4,2536,2031,98,1933,1364,569,True,True,True,
06,עכו,0813,עין יעקב,1,232,205,7,198,105,93,True,True,True,name_variants:עי ו יעקב
06,עכו,0892,עבדון,1,254,206,13,193,112,81,True,True,True,name_variants:עבדו ו
06,עכו,0917,עצמון שגב,1,375,288,4,284,48,236,True,True,True,name_variants:שגב
06,עכו,0942,סואעד (חמרייה),1,106,60,3,57,2,55,True,True,True,name_variants:סואעד )וומרייה(
06,עכו,0989,סואעד (כמאנה( )שבט),1,599,484,0,484,24,460,True,True,True,name_variants:סואעד )בתאנה(
06,עכו,0990,ראס עלי,1,155,138,14,124,43,81,True,True,True,
06,עכו,0998,ביר אל-מכסור,5,2998,1956,187,1769,146,1623,True,True,True,name_variants:ביר אל­מכסור
06,עכו,1045,שתולה,1,145,114,4,110,64,46,True,True,True,
06,עכו,1063,מעלות-תרשיחא,17,11390,8908,531,8377,4353,4024,True,True,True,name_variants:מעלות­תרשיחא
06,עכו,1068,אדמית,1,162,81,0,81,7,74,True,True,True,
06,עכו,1081,אבן מנחם,1,216,190,4,186,99,87,True,True,True,name_variants:אבו תנחם
06,עכו,1112,יודפת,1,174,142,2,140,7,133,True,True,True,
06,עכו,1130,כפר רוזנואלד (זרעית),1,178,140,6,134,73,61,True,True,True,name_variants:בפר רוזנואלד
06,עכו,1138,יעד,1,229,202,4,198,15,183,True,True,True,
06,עכו,1139,כרמיאל,43,26879,19981,928,19053,9119,9934,True,True,True,candidate identity repairs damaged Peres total
06,עכו,1147,נטועה,1,267,213,7,206,116,90,True,True,True,
06,עכו,1160,שכניה,1,191,166,2,164,23,141,True,True,True,
06,עכו,1171,לוטם,1,100,81,0,81,12,69,True,True,True,
06,עכו,1172,תובל,1,142,103,3,100,14,86,True,True,True,
06,עכו,1173,לפידות,1,72,68,1,67,42,25,True,True,True,name_variants:לפידו
06,עכו,1174,מנוף,1,272,210,2,208,29,179,True,True,True,
06,עכו,1179,קורנית,1,277,254,7,247,58,189,True,True,True,
06,עכו,1180,צביה,1,98,90,1,89,3,86,True,True,True,
06,עכו,1181,טל-אל,1,219,186,3,183,119,64,True,True,True,name_variants:/1ל­אל
06,עכו,1183,כליל,1,85,63,1,62,1,61,True,True,True,name_variants:בליל
06,עכו,1188,אשחר,1,144,121,7,114,56,58,True,True,True,
06,עכו,1199,עדי,1,514,433,8,425,123,302,True,True,True,
06,עכו,1201,כמון,1,151,131,2,129,23,106,True,True,True,name_variants:כמוו
06,עכו,1202,מכמנים,1,108,97,2,95,21,74,True,True,True,
06,עכו,1203,הררית,1,117,87,1,86,20,66,True,True,True,
06,עכו,1204,גילון,1,262,224,6,218,39,179,True,True,True,name_variants:גילוו
06,עכו,1205,מנות,1,102,95,4,91,46,45,True,True,True,
06,עכו,1206,גיתה,1,121,106,4,102,47,55,True,True,True,"name_variants:גיחך,"
06,עכו,1208,הילה,1,142,127,0,127,19,108,True,True,True,
06,עכו,1209,חרשים,1,76,69,0,69,2,67,True,True,True,name_variants:חרקים
06,עכו,1219,גורנות הגליל,1,117,101,3,98,53,45,True,True,True,
06,עכו,1221,צורית,1,221,192,1,191,44,147,True,True,True,
06,עכו,1222,"מצפה אבי""ב",1,162,150,1,149,29,120,True,True,True,
06,עכו,1226,יובלים,1,520,444,2,442,55,387,True,True,True,
06,עכו,1228,רקפת,1,156,144,2,142,22,120,True,True,True,
06,עכו,1235,שורשים,1,115,96,2,94,16,78,True,True,True,name_variants:קורקים
06,עכו,1245,סלמה,2,871,649,82,567,65,502,True,True,True,
06,עכו,1246,עראמשה,1,500,444,0,444,44,400,True,True,True,blank printed invalid treated as zero; voted derived as 444
06,עכו,1249,הרדוף,1,96,78,2,76,0,76,True,True,True,
06,עכו,1256,אשרת,1,265,209,5,204,126,78,True,True,True,
06,עכו,1263,כפר ורדים,3,1658,1383,21,1362,317,1045,True,True,True,name_variants:בפר ור
06,עכו,1272,חלוץ,1,84,75,2,73,18,55,True,True,True,
06,עכו,1275,אבטליון,1,76,70,2,68,15,53,True,True,True,name_variants:אבשל י ו
06,עכו,1292,ג'דיידה-מכר,10,7255,5579,580,4999,77,4922,True,True,True,name_variants:גידייז|ג'דיידה­מבר
06,עכו,1295,יאנוח-ג'ת,3,2170,1913,30,1883,529,1354,True,True,True,name_variants:יאנוח­גית
06,עכו,1296,כסרא-סמיע,4,2465,1989,86,1903,495,1408,True,True,True,name_variants:בסרא­םמיע
06,עכו,1298,אתגר,1,149,105,4,101,33,68,True,True,True,name_variants:אתג.ר
06,עכו,1404,חצרות יסף,1,603,409,12,397,321,76,True,True,True,
06,עכו,7500,סח'נין,22,10636,9280,599,8681,76,8605,True,True,True,name_variants:םחיניו|סח'ניו
06,עכו,7600,עכו,57,34021,24987,1485,23502,12704,10798,True,True,True,
06,עכו,8800,שפרעם,29,15051,11870,518,11352,511,10841,True,True,True,
06,עכו,8900,טמרה,21,11340,10554,201,10353,94,10259,True,True,True,name_variants:71מרה
06,עכו,9100,נהריה,49,31533,23001,1108,21893,12140,9753,True,True,True,name_variants:נהר יה
07,חיפה,4000,חיפה,326,215602,156000,8435,147565,61037,86528,True,True,True,restored omitted Region 07 / Haifa printed total
08,חיפה,0096,יגור,2,1047,824,20,804,30,774,True,True,True,
08,חיפה,0112,כפר חסידים א',1,359,289,6,283,187,96,True,True,True,name_variants:כפר חסידים
08,חיפה,0178,רמת יוחנן,1,554,428,10,418,35,383,True,True,True,600-dpi token repair: Peres 383
08,חיפה,0220,כפר ביאליק,1,326,255,9,246,55,191,True,True,True,
08,חיפה,0237,שער העמקים,1,526,406,7,399,4,395,True,True,True,
08,חיפה,0254,כפר המכבי,1,272,221,7,214,14,200,True,True,True,name_variants:בפר המכבי
08,חיפה,0278,אושה,1,301,224,11,213,11,202,True,True,True,name_variants:ארקה
08,חיפה,0427,כפר גלים,1,56,45,2,43,8,35,True,True,True,name_variants:בפר גלים
08,חיפה,0494,דאלית אל-כרמל,12,7227,5073,242,4831,780,4051,True,True,True,name_variants:דאלית אל­ברמל|דאלית אל­ב
08,חיפה,0534,עספיא,9,5228,3960,130,3830,286,3544,True,True,True,
08,חיפה,0652,אבטין,2,911,731,62,669,32,637,True,True,True,name_variants:■puiN
08,חיפה,0889,כפר חסידים ב',1,110,86,5,81,57,24,True,True,True,name_variants:בפר חסידים בי
08,חיפה,0890,כפר הנוער הדתי,1,77,48,0,48,48,0,True,True,True,
08,חיפה,0922,רכסים,5,3130,2704,77,2627,2282,345,True,True,True,
08,חיפה,0999,זובידאת,1,124,77,15,62,1,61,True,True,True,
08,חיפה,1284,נופית,1,511,437,6,431,73,358,True,True,True,
08,חיפה,2100,טירת כרמל,20,13536,9738,566,9172,6707,2465,True,True,True,name_variants:טירת כר
08,חיפה,2300,קריית טבעון,15,10129,7549,334,7215,2269,4946,True,True,True,name_variants:קרית טבעוו
08,חיפה,2500,נשר,23,14273,10908,506,10402,5640,4762,True,True,True,name_variants:נקר
08,חיפה,6800,קרית אתא,51,33084,24572,1389,23183,15311,7872,True,True,True,
08,חיפה,8200,קרית מוצקין,41,26820,20925,974,19951,9242,10709,True,True,True,name_variants:קרית מוצ|קרית מוצקיו
08,חיפה,9500,קרית ביאליק,43,28933,22009,1019,20990,9766,11224,True,True,True,
08,חיפה,9600,קרית ים,50,33107,23366,1443,21923,12682,9241,True,True,True,
09,חדרה,0033,בת שלמה,1,196,160,3,157,66,91,True,True,True,name_variants:בת קלמה
09,חדרה,0050,גבעת עדה,2,1278,1041,40,1001,520,481,True,True,True,
09,חדרה,0053,עתלית,5,2956,2251,90,2161,1297,864,True,True,True,
09,חדרה,0072,גן שמואל,2,904,652,12,640,28,612,True,True,True,name_variants:גו קמואל
09,חדרה,0074,עין הוד,1,190,145,4,141,18,123,True,True,True,name_variants:עי ו הוד
09,חדרה,0102,מאיר שפיה,1,80,46,3,43,10,33,True,True,True,
09,חדרה,0139,עין שמר,1,527,430,6,424,8,416,True,True,True,name_variants:עי ו קמר
09,חדרה,0189,כפר פינס,1,253,227,6,221,206,15,True,True,True,name_variants:כפר פי נס
09,חדרה,0213,משמרות,1,228,168,6,162,13,149,True,True,True,name_variants:משחרות
09,חדרה,0223,עין עירון,1,207,167,4,163,36,127,True,True,True,name_variants:<1יו עירוו
09,חדרה,0225,גן השומרון,1,360,287,12,275,64,211,True,True,True,name_variants:גו השומרון
09,חדרה,0290,מעיין צבי,1,559,409,12,397,26,371,True,True,True,name_variants:מעיו צבי
09,חדרה,0310,כפר גליקסון,1,258,209,3,206,19,187,True,True,True,
09,חדרה,0312,נווה ים,1,122,89,4,85,11,74,True,True,True,
09,חדרה,0317,בית אורן,1,204,123,1,122,23,99,True,True,True,name_variants:בית אורו
09,חדרה,0327,שדות ים,1,498,385,7,378,17,361,True,True,True,
09,חדרה,0344,מענית,1,388,323,2,321,6,315,True,True,True,name_variants:חענית
09,חדרה,0360,"גבעת ניל""י",1,205,166,5,161,146,15,True,True,True,name_variants:גבעת ניל'יי
09,חדרה,0375,מגל,1,366,292,3,289,23,266,True,True,True,
09,חדרה,0426,עין כרמל,1,370,303,2,301,15,286,True,True,True,name_variants:עיו כרמל
09,חדרה,0433,נחשולים,1,306,251,2,249,8,241,True,True,True,
09,חדרה,0434,החותרים,1,412,331,5,326,6,320,True,True,True,
09,חדרה,0444,רגבים,1,297,184,5,179,9,170,True,True,True,
09,חדרה,0537,פוריידיס,8,4256,3003,125,2878,31,2847,True,True,True,name_variants:פוריידים
09,חדרה,0541,ג'סר א-זרקא,7,3883,2903,147,2756,53,2703,True,True,True,name_variants:גיסר א­זרקא|ג'סר א­זר
09,חדרה,0580,"כרם מהר""ל",1,241,187,2,185,75,110,True,True,True,name_variants:כרם מהרי'ל
09,חדרה,0612,צרופה,1,318,274,15,259,180,79,True,True,True,
09,חדרה,0617,ברקאי,1,399,260,2,258,6,252,True,True,True,
09,חדרה,0628,ג'ת,7,4034,2809,187,2622,45,2577,True,True,True,name_variants:גית
09,חדרה,0635,מושיירפה,4,2281,1523,213,1310,61,1249,True,True,True,name_variants:מוקיירפה
09,חדרה,0637,ערערה,13,6912,5103,376,4727,79,4648,True,True,True,name_variants:היקווכ­ ערערה
09,חדרה,0639,ברטעה,2,1068,793,110,683,12,671,True,True,True,
09,חדרה,0640,זלפה,2,1487,1132,124,1008,24,984,True,True,True,
09,חדרה,0642,מוצמוץ,2,1521,1146,87,1059,25,1034,True,True,True,
09,חדרה,0643,מועאוויה,2,1008,888,114,774,15,759,True,True,True,
09,חדרה,0644,סאלם,1,392,324,41,283,22,261,True,True,True,
09,חדרה,0648,מצר,1,356,252,3,249,2,247,True,True,True,
09,חדרה,0649,מייסר,1,655,486,48,438,7,431,True,True,True,
09,חדרה,0654,כפר קרע,13,6211,5468,189,5279,163,5116,True,True,True,name_variants:בפר קרע
09,חדרה,0675,הבונים,1,189,124,3,121,12,109,True,True,True,
09,חדרה,0679,אביאל,1,235,193,8,185,138,47,True,True,True,
09,חדרה,0683,גבע כרמל,1,333,275,20,255,69,186,True,True,True,
09,חדרה,0687,עין איילה,2,807,600,5,595,64,531,True,True,True,name_variants:עין א­סהלה|עי ו איילה
09,חדרה,0689,מגדים,1,373,307,15,292,168,124,True,True,True,
09,חדרה,0694,מעגן מיכאל,1,501,378,2,376,13,363,True,True,True,name_variants:מעגו מיכאל
09,חדרה,0738,דור,1,156,129,8,121,29,92,True,True,True,
09,חדרה,0773,עמיקם,1,176,149,8,141,89,52,True,True,True,
09,חדרה,0810,עופר,1,208,180,4,176,49,127,True,True,True,
09,חדרה,0868,אלוני יצחק,1,130,41,2,39,10,29,True,True,True,
09,חדרה,0921,שער מנשה,1,106,17,1,16,4,12,True,True,True,
09,חדרה,0926,נווה אבות,2,855,127,28,99,53,46,True,True,True,
09,חדרה,0934,ביידה,1,147,102,7,95,2,93,True,True,True,visual source-page repair: code 0934
09,חדרה,1020,אור עקיבא,18,10698,7999,486,7513,5668,1845,True,True,True,
09,חדרה,1128,מי עמי,1,101,85,0,85,15,70,True,True,True,
09,חדרה,1167,קיסריה,2,1019,783,15,768,243,525,True,True,True,
09,חדרה,2003,תלמי אלעזר,1,288,243,7,236,97,139,True,True,True,
09,חדרה,2008,שדה יצחק,1,217,176,8,168,56,112,True,True,True,
09,חדרה,2024,אום אל-קוטוף,1,328,281,15,266,1,265,True,True,True,name_variants:אום אל­קוטוף
09,חדרה,2055,מאור,1,288,240,9,231,144,87,True,True,True,
09,חדרה,2710,אום אל-פחם,27,16830,12658,776,11882,147,11735,True,True,True,name_variants:אם אל­פחם
09,חדרה,3568,ריחן,1,45,35,0,35,18,17,True,True,True,
09,חדרה,3569,מבוא דותן,1,203,164,4,160,144,16,True,True,True,split from trans-region merged row; printed detail values
09,חדרה,3643,חיננית,1,131,115,4,111,107,4,True,True,True,
09,חדרה,3649,שקד,1,257,204,3,201,158,43,True,True,True,
09,חדרה,3717,חרמש,1,124,103,3,100,87,13,True,True,True,
09,חדרה,6000,באקה אל-גרביה,19,9219,6743,323,6420,68,6352,True,True,True,name_variants:באקה אל­גרביה|באקה א
09,חדרה,6500,חדרה,85,46912,35724,1850,33874,20375,13499,True,True,True,
09,חדרה,7800,פרדס חנה-כרכור,29,14879,11670,514,11156,6932,4224,True,True,True,name_variants:פרדס חנה­כרכור
09,חדרה,9300,זכרון יעקב,11,6019,4926,241,4685,2242,2443,True,True,True,"printed locality total: Peres 2,443"
09,חדרה,9800,בנימינה-גבעת עדה,5,3025,2442,124,2318,1321,997,True,True,True,name_variants:בנימינה
10,השרון,0041,אליכין,2,1449,1277,44,1233,925,308,True,True,True,name_variants:אליביו
10,השרון,0115,חופית,1,673,563,8,555,93,462,True,True,True,
10,השרון,0154,תל מונד,5,3072,2503,96,2407,1505,902,True,True,True,
10,השרון,0157,עין ורד,1,520,442,12,430,61,369,True,True,True,name_variants:ו1יו ורד
10,השרון,0162,חירות,1,420,362,0,362,35,327,True,True,True,name_variants:חרות
10,השרון,0167,עין החורש,1,610,513,6,507,7,500,True,True,True,name_variants:עיו החורש
10,השרון,0168,כפר יונה,7,4472,3586,168,3418,2216,1202,True,True,True,name_variants:בפר יונה
10,השרון,0170,כפר יעבץ,1,334,278,10,268,228,40,True,True,True,name_variants:בפר יעבץ
10,השרון,0171,פרדסיה,3,2216,1838,46,1792,730,1062,True,True,True,
10,השרון,0173,גבעת חיים (מאוחד),1,838,669,17,652,621,31,True,True,True,name_variants:גבעת חיים 11)
10,השרון,0175,אביחיל,1,701,566,10,556,115,441,True,True,True,name_variants:אביח יל
10,השרון,0182,אבן יהודה,9,5055,4136,114,4022,1783,2239,True,True,True,name_variants:אבו יהודה
10,השרון,0186,נעורים,1,175,90,4,86,34,52,True,True,True,name_variants:נעור ים
10,השרון,0187,כפר הס,1,488,393,8,385,53,332,True,True,True,name_variants:בפר הס
10,השרון,0190,כפר ויתקין,1,772,623,29,594,82,512,True,True,True,
10,השרון,0191,הדר עם,1,256,209,5,204,44,160,True,True,True,
10,השרון,0193,כפר חיים,1,353,285,8,277,32,245,True,True,True,name_variants:בפר חיים
10,השרון,0194,משמר השרון,1,386,288,13,275,9,266,True,True,True,name_variants:משמר הקרון
10,השרון,0195,קדימה-צורן,7,3624,2913,173,2740,1707,1033,True,True,True,name_variants:קדימה
10,השרון,0197,מעברות,1,599,475,4,471,3,468,True,True,True,
10,השרון,0200,בית ינאי,1,254,179,7,172,22,150,True,True,True,
10,השרון,0204,אלישיב,1,313,261,12,249,192,57,True,True,True,
10,השרון,0205,חגלה,1,206,176,6,170,20,150,True,True,True,
10,השרון,0217,"כפר הרא""ה",1,500,432,8,424,389,35,True,True,True,
10,השרון,0219,חיבת ציון,1,308,267,11,256,127,129,True,True,True,printed candidate sum resolves damaged valid field
10,השרון,0224,שושנת העמקים,1,487,358,15,343,177,166,True,True,True,name_variants:קוקנת העתקים רסקו
10,השרון,0232,שפיים,1,622,513,7,506,10,496,True,True,True,name_variants:קומיים
10,השרון,0233,כפר ידידיה,1,326,264,4,260,28,232,True,True,True,name_variants:ידידיה
10,השרון,0235,חבצלת השרון,1,382,289,6,283,112,171,True,True,True,name_variants:חבצלת הקר וו
10,השרון,0247,רשפון,3,1380,1119,34,1085,414,671,True,True,True,candidate and turnout identities resolve damaged total
10,השרון,0252,ביתן אהרן,1,382,295,5,290,78,212,True,True,True,name_variants:ביתו אהרו
10,השרון,0276,צור משה,1,445,358,17,341,82,259,True,True,True,name_variants:צור נוקה
10,השרון,0287,תל יצחק,1,252,198,5,193,29,164,True,True,True,name_variants:תכ י צחק
10,השרון,0288,בית יהושע,1,332,265,16,249,91,158,True,True,True,
10,השרון,0316,כפר נטר,1,343,270,5,265,75,190,True,True,True,
10,השרון,0326,בית יצחק-שער חפר,2,1203,984,22,962,193,769,True,True,True,name_variants:בית יצחק­שער חפר
10,השרון,0373,בית הלוי,1,287,238,8,230,34,196,True,True,True,
10,השרון,0377,המעפיל,1,404,345,9,336,1,335,True,True,True,name_variants:המעפ יל
10,השרון,0379,גאולים,1,437,375,23,352,153,199,True,True,True,name_variants:גאול ים
10,השרון,0382,מכמורת,1,814,577,15,562,130,432,True,True,True,
10,השרון,0386,בני דרור,1,208,190,4,186,41,145,True,True,True,
10,השרון,0387,כפר מונש,1,365,301,3,298,64,234,True,True,True,name_variants:כפר מונקו
10,השרון,0389,בצרה,1,347,276,11,265,75,190,True,True,True,
10,השרון,0417,יקום,1,406,329,8,321,4,317,True,True,True,
10,השרון,0418,בני ציון,1,381,303,13,290,111,179,True,True,True,name_variants:בני ציוו
10,השרון,0422,חרב לאת,1,245,193,7,186,69,117,True,True,True,
10,השרון,0423,העוגן,1,522,403,5,398,8,390,True,True,True,
10,השרון,0425,משמרת,3,1479,1141,36,1105,483,622,True,True,True,name_variants:מקומרת
10,השרון,0638,קלנסווה,10,6334,5168,176,4992,23,4969,True,True,True,name_variants:קכנסווה|קל נסווה
10,השרון,0661,שער אפרים,1,318,249,22,227,161,66,True,True,True,
10,השרון,0680,אומץ,1,227,191,7,184,46,138,True,True,True,
10,השרון,0697,בארותיים,1,333,263,6,257,95,162,True,True,True,name_variants:ה יקרב­ בארותיים
10,השרון,0698,בורגתה,1,395,328,4,324,105,219,True,True,True,
10,השרון,0734,גן יאשיה,1,255,211,4,207,41,166,True,True,True,name_variants:גו יאשיה
10,השרון,0737,עולש,1,348,284,5,279,85,194,True,True,True,
10,השרון,0753,ינוב,1,380,297,5,292,175,117,True,True,True,
10,השרון,0758,יד חנה,1,108,88,2,86,19,67,True,True,True,
10,השרון,0767,פורת,1,459,389,13,376,348,28,True,True,True,
10,השרון,0807,חניאל,1,374,301,16,285,72,213,True,True,True,
10,השרון,0837,עזריאל,1,305,271,3,268,254,14,True,True,True,
10,השרון,0842,געש,1,466,369,3,366,6,360,True,True,True,
10,השרון,0850,אחיטוב,1,430,358,16,342,169,173,True,True,True,name_variants:אחי71וב
10,השרון,0851,ניצני עוז,1,306,261,4,257,110,147,True,True,True,
10,השרון,0872,גאולי תימן,1,246,216,13,203,156,47,True,True,True,
10,השרון,0877,בית חירות,1,305,258,1,257,21,236,True,True,True,name_variants:בית חרות
10,השרון,0880,עין שריד,1,509,434,17,417,265,152,True,True,True,name_variants:עיו שריד
10,השרון,1024,חרוצים,1,474,381,20,361,218,143,True,True,True,600-dpi repair: code 1024; registered 474
10,השרון,1290,זמר,4,2174,1674,145,1529,82,1447,True,True,True,
10,השרון,1308,צורו,2,1619,1405,40,1365,562,803,True,True,True,
10,השרון,1409,חצר בארותיים,1,412,297,11,286,266,20,True,True,True,
10,השרון,2002,תנובות,1,348,303,17,286,129,157,True,True,True,
10,השרון,2018,גבעת חיים (איחוד),1,785,593,7,586,12,574,True,True,True,
10,השרון,2043,בחן,1,293,216,6,210,25,185,True,True,True,name_variants:בחו
10,השרון,2720,טירה,14,9461,7180,533,6647,163,6484,True,True,True,
10,השרון,2730,טייבה,25,14841,11486,1230,10256,941,9315,True,True,True,
10,השרון,3571,שבי שומרון,1,338,288,0,288,279,9,True,True,True,name_variants:קובי קוחרוו
10,השרון,3642,חומק,1,112,90,3,87,71,16,True,True,True,
10,השרון,3712,ענב,1,173,155,2,153,152,1,True,True,True,
10,השרון,3793,אבני חפץ,1,121,120,0,120,120,0,True,True,True,
10,השרון,7400,נתניה,185,115019,82443,4698,77745,47876,29869,True,True,True,name_variants:ן­■יקו1
11,פתח תקוה,0098,"כפר מל""ל",1,204,164,6,158,37,121,True,True,True,"name_variants:כפר מל""כ"
11,פתח תקוה,0128,גת רימון,1,169,125,4,121,28,93,True,True,True,
11,פתח תקוה,0183,ירקונה,1,133,113,1,112,23,89,True,True,True,
11,פתח תקוה,0184,רמת הכובש,1,525,403,19,384,28,356,True,True,True,
11,פתח תקוה,0198,צופית,1,404,329,3,326,60,266,True,True,True,
11,פתח תקוה,0206,רמות השבים,1,639,530,5,525,81,444,True,True,True,
11,פתח תקוה,0207,"גבעת ח""ן",1,234,203,3,200,26,174,True,True,True,"name_variants:גבעת ח""ו"
11,פתח תקוה,0218,גני עם,1,183,156,9,147,44,103,True,True,True,
11,פתח תקוה,0229,גני תקווה,13,6846,5623,152,5471,2884,2587,True,True,True,
11,פתח תקוה,0230,מעש,1,511,413,13,400,124,276,True,True,True,
11,פתח תקוה,0239,גן חיים,1,284,243,5,238,28,210,True,True,True,name_variants:גו חיים
11,פתח תקוה,0249,כפר סירקין,1,623,524,17,507,140,367,True,True,True,name_variants:כפר סירקיו
11,פתח תקוה,0257,נופך,1,152,124,3,121,94,27,True,True,True,
11,פתח תקוה,0284,שדה ורבורג,1,451,367,8,359,66,293,True,True,True,name_variants:קדה ורבורג
11,פתח תקוה,0355,חורשים,1,223,143,3,140,10,130,True,True,True,name_variants:חורקים
11,פתח תקוה,0448,בני עטרות,1,284,259,12,247,66,181,True,True,True,
11,פתח תקוה,0449,נחלים,1,556,493,16,477,446,31,True,True,True,
11,פתח תקוה,0450,בארות יצחק,1,405,285,8,277,167,110,True,True,True,name_variants:בארות י צח
11,פתח תקוה,0587,סביון,3,2278,1668,15,1653,552,1101,True,True,True,
11,פתח תקווה,0606,מזור,1,350,275,10,265,104,161,True,True,True,split merged Kaokab/Mazor rows; printed Mazor ballot
11,פתח תקוה,0616,רינתיה,1,333,264,9,255,125,130,True,True,True,
11,פתח תקוה,0627,ג'לג'וליה,4,2877,2577,23,2554,10,2544,True,True,True,name_variants:גילגיוליה
11,פתח תקוה,0633,כפר ברא,1,835,668,0,668,9,659,True,True,True,
11,פתח תקוה,0634,כפר קאסם,10,6464,6085,157,5928,23,5905,True,True,True,name_variants:כפר קאםם|כפר האסם
11,פתח תקוה,0663,טירת יהודה,1,377,331,5,326,306,20,True,True,True,
11,פתח תקוה,0681,גבעת שמואל,12,7678,6018,211,5807,3018,2789,True,True,True,
11,פתח תקוה,0686,נווה ימין,1,485,404,17,387,281,106,True,True,True,name_variants:נווה ימיו
11,פתח תקוה,0705,נחשונים,1,255,175,4,171,5,166,True,True,True,
11,פתח תקוה,0716,אייל,1,214,181,1,180,17,163,True,True,True,
11,פתח תקוה,0717,חגור,1,321,271,8,263,132,131,True,True,True,
11,פתח תקוה,0718,ירחיב,1,379,324,9,315,231,84,True,True,True,
11,פתח תקוה,0722,מגשימים,1,367,294,8,286,113,173,True,True,True,
11,פתח תקוה,0781,גני יהודה,1,597,473,17,456,106,350,True,True,True,
11,פתח תקוה,0802,"גבעת כ""ח",1,327,264,13,251,211,40,True,True,True,"name_variants:גבעת ב""ח"
11,פתח תקוה,0808,ניר אליהו,1,291,220,0,220,12,208,True,True,True,
11,פתח תקוה,0841,אלישמע,1,355,303,14,289,199,90,True,True,True,
11,פתח תקוה,0858,נווה ירק,1,403,340,12,328,75,253,True,True,True,
11,פתח תקוה,0870,גבעת השלושה,1,352,285,17,268,14,254,True,True,True,
11,פתח תקוה,0871,עינת,1,367,288,14,274,23,251,True,True,True,
11,פתח תקוה,1062,נווה אפרים,3,2301,1843,49,1794,565,1229,True,True,True,
11,פתח תקוה,1148,צור נתן,1,159,139,1,138,100,38,True,True,True,name_variants:צור נתו
11,פתח תקוה,1224,כוכב יאיר,4,3045,2493,29,2464,1153,1311,True,True,True,
11,פתח תקוה,1236,נירית,1,333,292,5,287,69,218,True,True,True,
11,פתח תקוה,1306,צור יגאל,2,1302,1185,28,1157,458,699,True,True,True,
11,פתח תקוה,1405,"חצרות כ""ח",1,294,179,21,158,115,43,True,True,True,"name_variants:חצרות ב""ח"
11,פתח תקוה,2015,שדי חמד,1,280,224,6,218,71,147,True,True,True,name_variants:קודי חמד
11,פתח תקוה,2035,עדנים,1,144,120,0,120,44,76,True,True,True,
11,פתח תקוה,2038,ברקת,1,483,451,15,436,431,5,True,True,True,
11,פתח תקוה,2640,ראש העין,27,18406,15631,553,15078,10166,4912,True,True,True,
11,פתח תקוה,3557,קדומים,2,1039,942,2,940,937,3,True,True,True,
11,פתח תקוה,3560,אלקנה,2,1625,1424,11,1413,1396,17,True,True,True,
11,פתח תקוה,3567,סלעית,1,222,179,4,175,62,113,True,True,True,
11,פתח תקוה,3570,אריאל,12,8805,7156,127,7029,6274,755,True,True,True,
11,פתח תקוה,3572,כפר תפוח,1,145,115,3,112,112,0,True,True,True,
11,פתח תקוה,3579,אלון מורה,1,501,442,2,440,430,10,True,True,True,name_variants:אלוו מורה
11,פתח תקוה,3637,מעלה שומרון,1,280,233,4,229,220,9,True,True,True,name_variants:העלה קוומרו ו
11,פתח תקוה,3640,קרני שומרון,5,2655,2220,24,2196,2093,103,True,True,True,name_variants:קרני קומרוו
11,פתח תקוה,3647,יקיר,1,356,323,3,320,315,5,True,True,True,
11,פתח תקוה,3652,בית אריה,2,1215,1080,55,1025,890,135,True,True,True,
11,פתח תקוה,3654,ברקן,1,612,497,17,480,443,37,True,True,True,name_variants:ברקו
11,פתח תקוה,3660,עמנואל,2,1323,1095,19,1076,1066,10,True,True,True,
11,פתח תקוה,3710,ברכה,1,158,123,1,122,122,0,True,True,True,
11,פתח תקוה,3720,שערי תקווה,2,1401,1216,25,1191,1044,147,True,True,True,
11,פתח תקוה,3727,עלי זהב,1,183,149,2,147,132,15,True,True,True,
11,פתח תקוה,3746,קריית נטפים,1,87,75,2,73,73,0,True,True,True,
11,פתח תקוה,3749,יצהר,1,110,97,1,96,95,1,True,True,True,
11,פתח תקוה,3750,אלפי מנשה,4,2545,2113,32,2081,1488,593,True,True,True,
11,פתח תקוה,3760,אורנית,3,2230,1896,30,1866,1215,651,True,True,True,
11,פתח תקוה,3762,איתמר,1,113,107,1,106,105,1,True,True,True,
11,פתח תקוה,3768,פדואל,1,223,183,1,182,182,0,True,True,True,
11,פתח תקוה,3778,עץ אפרים,1,173,157,1,156,142,14,True,True,True,
11,פתח תקוה,3790,נופים,2,337,297,9,288,263,25,True,True,True,name_variants:עופרים
11,פתח תקוה,3791,צופים,1,287,260,3,257,231,26,True,True,True,name_variants:צופיו
11,פתח תקוה,3795,רבבה,1,75,70,0,70,70,0,True,True,True,
11,פתח תקוה,6900,כפר סבא,84,50774,40615,1668,38947,17657,21290,True,True,True,name_variants:כפר סב|בפר סבא
11,פתח תקוה,7900,פתח תקווה,200,117378,92235,4060,88175,51847,36328,True,True,True,"printed locality total: Peres 36,328"
11,פתח תקוה,8700,רעננה,71,41259,32373,1052,31321,13296,18025,True,True,True,
11,פתח תקוה,9400,יהוד-מונוסון,19,13486,11104,455,10649,6167,4482,True,True,True,name_variants:יהוד
11,פתח תקוה,9700,הוד השרון,35,20483,16186,621,15565,7271,8294,True,True,True,name_variants:הוד הקרון
12,רמלה,0064,"יד רמב""ם",1,446,366,5,361,316,45,True,True,True,
12,רמלה,0158,נען,2,1031,832,17,815,40,775,True,True,True,name_variants:נעו
12,רמלה,0160,חולדה,1,257,198,4,194,8,186,True,True,True,
12,רמלה,0301,בית עוזיאל,1,248,189,2,187,144,43,True,True,True,name_variants:בית עוז יאל
12,רמלה,0331,ניר צבי,1,652,524,13,511,124,387,True,True,True,
12,רמלה,0370,גזר,1,180,111,3,108,9,99,True,True,True,
12,רמלה,0435,נצר סרני,1,466,365,7,358,11,347,True,True,True,
12,רמלה,0466,בית דגן,3,2020,1800,57,1743,1455,288,True,True,True,name_variants:בית דגו
12,רמלה,0563,משמר דוד,1,140,102,0,102,19,83,True,True,True,name_variants:מקמר דוד
12,רמלה,0594,צפרייה,1,280,244,6,238,207,31,True,True,True,
12,רמלה,0604,בית עריף,1,418,352,9,343,306,37,True,True,True,
12,רמלה,0610,סתרייה,1,359,307,11,296,72,224,True,True,True,
12,רמלה,0618,חדיד,1,356,300,11,289,263,26,True,True,True,
12,רמלה,0670,משמר איילון,1,274,302,11,291,170,121,True,True,False,source scan verified: registered is printed below voted; retained as printed
12,רמלה,0673,כפר טרומן,1,288,273,10,263,125,138,True,True,True,name_variants:כפר /1רומו
12,רמלה,0696,"כפר חב""ד",3,1769,1347,11,1336,1331,5,True,True,True,"name_variants:בפר חב""ד"
12,רמלה,0707,כפר דניאל,1,303,204,11,193,61,132,True,True,True,
12,רמלה,0711,עזריה,1,387,331,18,313,256,57,True,True,True,
12,רמלה,0729,משמר השבעה,1,450,381,10,371,139,232,True,True,True,name_variants:משמר הקובעת
12,רמלה,0735,רמות מאיר,1,283,170,6,164,65,99,True,True,True,
12,רמלה,0743,כפר שמואל,1,265,214,8,206,77,129,True,True,True,
12,רמלה,0745,גמזו,1,280,215,3,212,198,14,True,True,True,
12,רמלה,0757,מצליח,1,503,428,17,411,241,170,True,True,True,
12,רמלה,0759,יציץ,1,306,249,6,243,199,44,True,True,True,
12,רמלה,0784,בית נחמיה,1,310,261,8,253,139,114,True,True,True,
12,רמלה,0788,זיתן,1,418,346,15,331,255,76,True,True,True,name_variants:זיתו
12,רמלה,0797,אחיעזר,1,598,550,27,523,505,18,True,True,True,name_variants:אח יעזר
12,רמלה,0798,יגל,1,303,256,12,244,195,49,True,True,True,
12,רמלה,0801,חמד,1,316,275,7,268,232,36,True,True,True,
12,רמלה,0804,אחיסמך,1,507,445,37,408,318,90,True,True,True,name_variants:אח יסמך
12,רמלה,0828,ישרש,1,319,262,9,253,156,97,True,True,True,
12,רמלה,0836,גנות,1,272,236,9,227,101,126,True,True,True,
12,רמלה,0838,פדיה,1,332,279,19,260,178,82,True,True,True,
12,רמלה,0839,פתחיה,1,405,330,12,318,237,81,True,True,True,
12,רמלה,0856,שעלבים,1,612,565,10,555,530,25,True,True,True,
12,רמלה,0863,גינתון,1,317,251,7,244,57,187,True,True,True,name_variants:גינתוו
12,רמלה,1050,בית חשמונאי,1,561,427,10,417,228,189,True,True,True,
12,רמלה,1084,בן שמן (כפר נוער),1,285,205,6,199,38,161,True,True,True,name_variants:הי שוב­ בן קומו )כפ
12,רמלה,1141,מבוא מודיעים,1,112,81,4,77,70,7,True,True,True,name_variants:הי שוב­ מבוא מודיע
12,רמלה,1165,שילת,1,198,172,4,168,35,133,True,True,True,name_variants:הי שוב­ שילת
12,רמלה,1166,כפר רות,1,112,92,2,90,38,52,True,True,True,name_variants:בפר רות
12,רמלה,1264,כרמי יוסף,2,1051,906,15,891,242,649,True,True,True,name_variants:הי שוב­ ברמי יוסף
12,רמלה,1273,מכבים-רעות,7,5158,4129,42,4087,1111,2976,True,True,True,
12,רמלה,1304,שוהם,3,1685,1570,20,1550,668,882,True,True,True,name_variants:הי שוב­ שוהם
12,רמלה,1402,חצרות חולדה,2,358,242,11,231,205,26,True,True,True,name_variants:חצרות חוכד|חצרות חפר
12,רמלה,2010,כפר בן נון,1,248,231,5,226,110,116,True,True,True,name_variants:כפר בו נון
12,רמלה,2013,בן שמן (מושב),1,287,213,7,206,60,146,True,True,True,name_variants:בו קומו גמו
12,רמלה,2530,באר יעקב,7,4035,3199,146,3053,1953,1100,True,True,True,
12,רמלה,3648,מתתיהו,4,2034,1914,24,1890,1887,3,True,True,True,
12,רמלה,3655,"ניל""י",1,286,255,9,246,227,19,True,True,True,
12,רמלה,3709,מבוא חורון,1,207,188,2,186,186,0,True,True,True,name_variants:מבוא חורוו
12,רמלה,3770,חשמונאים,1,756,708,9,699,689,10,True,True,True,
12,רמלה,7000,לוד,57,37889,27721,1812,25909,16497,9412,True,True,True,name_variants:היקוו1
12,רמלה,8500,רמלה,65,40322,31024,1831,29193,19429,9764,True,True,True,
13,רחובות,0028,מזכרת בתיה,5,3086,2527,87,2440,1147,1293,True,True,True,
13,רחובות,0144,גן שלמה,1,294,247,10,237,8,229,True,True,True,name_variants:גו שלמה
13,רחובות,0147,גבעת ברנר,2,1297,993,30,963,52,911,True,True,True,name_variants:גבעת בר
13,רחובות,0156,עיינות,1,86,62,0,62,19,43,True,True,True,
13,רחובות,0159,בית חנן,1,390,315,6,309,42,267,True,True,True,name_variants:בית חנו
13,רחובות,0166,גן יבנה,7,4065,3436,137,3299,2114,1185,True,True,True,name_variants:גו יבנה
13,רחובות,0174,נטעים,1,212,168,5,163,40,123,True,True,True,
13,רחובות,0177,"כפר ביל""ו",1,491,407,14,393,67,326,True,True,True,"name_variants:בפר ביל""ו"
13,רחובות,0196,גיבתון,1,186,161,2,159,36,123,True,True,True,name_variants:גיבתוו
13,רחובות,0202,בית עובד,1,242,208,6,202,28,174,True,True,True,
13,רחובות,0311,גן שורק,1,142,129,2,127,31,96,True,True,True,name_variants:גו קוורק
13,רחובות,0334,קבוצת יבנה,1,564,491,22,469,313,156,True,True,True,
13,רחובות,0363,חפץ חיים,1,255,215,6,209,198,11,True,True,True,
13,רחובות,0440,יסודות,1,206,201,6,195,195,0,True,True,True,
13,רחובות,0469,קרית עקרון,7,4618,3781,190,3591,2816,775,True,True,True,name_variants:קר ית עקרון
13,רחובות,0562,בית אלעזרי,1,493,399,15,384,169,215,True,True,True,
13,רחובות,0571,בית גמליאל,1,336,277,4,273,251,22,True,True,True,
13,רחובות,0582,כפר הנגיד,1,373,311,11,300,81,219,True,True,True,
13,רחובות,0588,בני ראם,1,367,298,4,294,283,11,True,True,True,
13,רחובות,0591,עשרת,1,680,558,15,543,137,406,True,True,True,
13,רחובות,0592,בני דרום,1,219,197,1,196,167,29,True,True,True,
13,רחובות,0597,פלמחים,1,430,302,2,300,18,282,True,True,True,
13,רחובות,0615,קדרון,1,625,507,17,490,111,379,True,True,True,name_variants:קדרוו
13,רחובות,0656,שדמה,1,215,171,2,169,39,130,True,True,True,
13,רחובות,0685,בניה,1,263,229,15,214,71,143,True,True,True,
13,רחובות,0720,ניר גלים,1,272,242,8,234,212,22,True,True,True,
13,רחובות,0731,מישר,1,227,179,8,171,56,115,True,True,True,name_variants:מיקר
13,רחובות,0760,בן זכאי,1,357,305,6,299,272,27,True,True,True,name_variants:בו 7כאי
13,רחובות,0764,כפר מרדכי,1,258,204,4,200,40,160,True,True,True,
13,רחובות,0765,משגב דב,1,267,215,7,208,103,105,True,True,True,
13,רחובות,0848,בית רבן,1,143,89,1,88,84,4,True,True,True,name_variants:בית רבו
13,רחובות,0853,גאליה,1,514,435,21,414,135,279,True,True,True,
13,רחובות,0857,כפר אביב,1,342,273,13,260,95,165,True,True,True,
13,רחובות,0862,גני יוחנן,1,253,199,13,186,106,80,True,True,True,
13,רחובות,1066,"בני עי""ש",5,2874,2427,81,2346,1595,751,True,True,True,"name_variants:בני עי""ק"
13,רחובות,1072,גן הדרום,1,254,201,7,194,124,70,True,True,True,name_variants:גו הדרום
13,רחובות,1094,כרם יבנה (ישיבה),1,130,121,1,120,120,0,True,True,True,name_variants:כרם יבנה
13,רחובות,2033,בית חלקיה,1,254,232,11,221,217,4,True,True,True,name_variants:הי קווב בית חלקי
13,רחובות,2550,גדרה,9,5996,4810,212,4598,3112,1486,True,True,True,
13,רחובות,2660,יבנה,30,18232,14391,594,13797,8984,4813,True,True,True,name_variants:היקוו1
13,רחובות,7200,נס ציונה,25,16052,12866,624,12242,6257,5985,True,True,True,
13,רחובות,8300,ראשון לציון,184,122334,95627,3979,91648,46193,45455,True,True,True,"printed locality total: valid 91,648"
13,רחובות,8400,רחובות,100,67074,51538,2344,49194,26525,22669,True,True,True,name_variants:הי0ו1
14,תל אביב,5000,תל אביב - יפו,512,329951,235713,12046,223667,100373,123294,True,True,True,name_variants:תל אביב ­ יפו|תל אביב ­ ימו
15,דן,0267,כפר שמריהו,2,1444,1064,29,1035,213,822,True,True,True,name_variants:בפר שמריהו
15,דן,0346,גליל ים,1,242,206,8,198,9,189,True,True,True,
15,דן,2650,רמת השרון,45,29546,23435,658,22777,8144,14633,True,True,True,
15,דן,6100,בני ברק,111,73268,59566,2560,57006,50719,6287,True,True,True,name_variants:בני בר|הישו1
15,דן,6300,גבעתיים,63,41612,32866,1433,31433,11577,19856,True,True,True,name_variants:dip הי0וב= גבעתיים
15,דן,6400,הרצליה,103,66140,50977,2056,48921,21080,27841,True,True,True,
15,דן,8600,רמת גן,165,108249,82650,3807,78843,37847,40996,True,True,True,name_variants:רמת גו|רמ
16,דן-דרום,0022,מקווה ישראל,1,205,157,5,152,55,97,True,True,True,name_variants:מקווה יק
16,דן-דרום,0180,"כפר אז""ר",1,350,304,8,296,44,252,True,True,True,
16,דן-דרום,0565,אזור,10,6669,5087,282,4805,2571,2234,True,True,True,
16,דן-דרום,0883,רמת פנקס,1,462,414,40,374,293,81,True,True,True,
16,דן-דרום,1049,רמת אפעל,3,2210,1783,29,1754,743,1011,True,True,True,
16,דן-דרום,2032,נווה אפעל,1,836,611,88,523,76,447,True,True,True,
16,דן-דרום,2400,אור יהודה,26,17130,12650,769,11881,8808,3073,True,True,True,name_variants:אור יהוד
16,דן-דרום,2620,קריית אונו,29,19177,15028,536,14492,6420,8072,True,True,True,name_variants:ק
16,דן-דרום,6200,בת ים,174,118819,85012,4638,80374,45765,34609,True,True,True,
16,דן-דרום,6600,חולון,196,133438,100713,5012,95701,50308,45393,True,True,True,name_variants:חולוו|ווולוו
17,אשקלון,0007,שחר,1,314,256,7,249,114,135,True,True,True,name_variants:קחר
17,אשקלון,0011,"ניר ח""ן",1,229,148,3,145,73,72,True,True,True,"name_variants:ניר וו""ו"
17,אשקלון,0015,נועם,1,288,232,2,230,216,14,True,True,True,
17,אשקלון,0016,בית ניר,1,228,171,2,169,9,160,True,True,True,
17,אשקלון,0018,שדה משה,1,196,160,4,156,53,103,True,True,True,name_variants:שדה מקה
17,אשקלון,0023,אמציה,1,94,69,3,66,49,17,True,True,True,name_variants:אמצי ה
17,אשקלון,0024,לכיש,1,287,238,2,236,20,216,True,True,True,name_variants:לביק
17,אשקלון,0032,עוצם,1,365,317,15,302,208,94,True,True,True,
17,אשקלון,0036,שדה דוד,1,285,215,14,201,121,80,True,True,True,name_variants:קדה דוד
17,אשקלון,0037,איתן,1,261,228,5,223,219,4,True,True,True,
17,אשקלון,0044,זוהר,1,243,198,7,191,108,83,True,True,True,
17,אשקלון,0055,נוגה,1,316,242,13,229,148,81,True,True,True,
17,אשקלון,0067,אור הנר,1,301,222,1,221,3,218,True,True,True,
17,אשקלון,0070,אשדוד,147,96445,71409,3729,67680,44363,23317,True,True,True,name_variants:אקדוד|היקוו1
17,אשקלון,0107,כפר סילבר,1,106,73,1,72,27,45,True,True,True,
17,אשקלון,0155,באר טוביה,1,540,451,6,445,80,365,True,True,True,
17,אשקלון,0163,תימורים,1,293,219,7,212,23,189,True,True,True,
17,אשקלון,0234,ביצרון,1,438,379,12,367,104,263,True,True,True,name_variants:ביצרוו
17,אשקלון,0274,כפר מנחם,1,562,505,10,495,8,487,True,True,True,
17,אשקלון,0293,שדה יואב,1,168,118,2,116,5,111,True,True,True,name_variants:קדה יואב
17,אשקלון,0309,נהורה,1,418,317,4,313,216,97,True,True,True,
17,אשקלון,0315,נגבה,1,473,364,7,357,14,343,True,True,True,
17,אשקלון,0320,כפר ורבורג,1,493,392,11,381,101,280,True,True,True,name_variants:כפר ורבורג.
17,אשקלון,0336,דורות,1,431,318,8,310,15,295,True,True,True,
17,אשקלון,0338,איבים,1,254,69,5,64,19,45,True,True,True,
17,אשקלון,0340,גת (קיבוץ),1,423,304,10,294,11,283,True,True,True,name_variants:ג.ת גקיבוןן(
17,אשקלון,0342,גברעם,1,210,174,3,171,7,164,True,True,True,
17,אשקלון,0348,ניר עם,1,323,218,4,214,6,208,True,True,True,
17,אשקלון,0358,יד מרדכי,1,547,459,4,455,44,411,True,True,True,
17,אשקלון,0359,ניצנים,1,381,252,8,244,13,231,True,True,True,
17,אשקלון,0362,רוחמה,1,473,343,11,332,5,327,True,True,True,
17,אשקלון,0393,גלאון,1,371,265,7,258,5,253,True,True,True,name_variants:גלאוו
17,אשקלון,0400,אבן שמואל,1,210,197,1,196,191,5,True,True,True,name_variants:אבו קמואל
17,אשקלון,0406,חצור-אשדוד,1,521,381,5,376,1,375,True,True,True,name_variants:חצור­אקדוד
17,אשקלון,0424,גבים,1,268,214,3,211,12,199,True,True,True,
17,אשקלון,0428,ברור חיל,1,475,343,3,340,11,329,True,True,True,
17,אשקלון,0553,ניר בנים,1,328,276,12,264,60,204,True,True,True,
17,אשקלון,0564,רבדים,1,309,208,4,204,13,191,True,True,True,
17,אשקלון,0573,מבקיעים,1,120,110,4,106,32,74,True,True,True,
17,אשקלון,0584,זיקים,1,315,211,3,208,9,199,True,True,True,name_variants:ז יקים
17,אשקלון,0593,ערוגות,1,324,281,10,271,76,195,True,True,True,name_variants:ה יקוו ב­ ערוגות
17,אשקלון,0619,בית גוברין,1,165,139,1,138,9,129,True,True,True,name_variants:בית גובריו
17,אשקלון,0620,משואות יצחק,1,375,340,4,336,288,48,True,True,True,name_variants:מקוואות יצחק
17,אשקלון,0622,עין צורים,1,348,294,13,281,242,39,True,True,True,name_variants:vu צורים
17,אשקלון,0668,מפלסים,1,356,267,7,260,36,224,True,True,True,
17,אשקלון,0690,כפר אחים,1,236,190,6,184,64,120,True,True,True,
17,אשקלון,0692,שפיר,1,207,177,4,173,144,29,True,True,True,name_variants:קפיר
17,אשקלון,0699,ניר ישראל,1,313,245,12,233,67,166,True,True,True,name_variants:ניר יקוראל
17,אשקלון,0700,חצב,1,488,382,22,360,199,161,True,True,True,
17,אשקלון,0706,גיאה,1,304,232,1,231,67,164,True,True,True,
17,אשקלון,0714,ארז,1,273,217,1,216,17,199,True,True,True,
17,אשקלון,0726,הודייה,1,425,317,14,303,192,111,True,True,True,
17,אשקלון,0727,תלמי יחיאל,1,338,266,12,254,96,158,True,True,True,
17,אשקלון,0739,שדה עוזיהו,1,476,393,11,382,297,85,True,True,True,
17,אשקלון,0744,תלמי יפה,1,106,84,2,82,9,73,True,True,True,
17,אשקלון,0746,ברכיה,1,516,444,13,431,402,29,True,True,True,
17,אשקלון,0747,בית שקמה,1,340,253,1,252,220,32,True,True,True,
17,אשקלון,0756,בית עזרא,1,434,378,15,363,148,215,True,True,True,
17,אשקלון,0763,שתולים,1,469,383,19,364,285,79,True,True,True,
17,אשקלון,0766,קוממיות,1,196,120,19,101,101,0,True,True,True,
17,אשקלון,0768,כרמייה,1,217,169,2,167,9,158,True,True,True,
17,אשקלון,0772,אמונים,1,548,443,10,433,245,188,True,True,True,
17,אשקלון,0775,יד נתן,1,234,170,3,167,46,121,True,True,True,name_variants:יד נתו
17,אשקלון,0791,משען,1,463,357,18,339,258,81,True,True,True,name_variants:משעו
17,אשקלון,0793,גבעתי,1,373,297,13,284,129,155,True,True,True,
17,אשקלון,0811,יכיני,1,363,295,7,288,228,60,True,True,True,name_variants:יביני
17,אשקלון,0814,תלמים,1,371,282,15,267,243,24,True,True,True,
17,אשקלון,0815,זבדיאל,1,295,246,2,244,237,7,True,True,True,
17,אשקלון,0817,עזריקם,1,426,367,6,361,222,139,True,True,True,name_variants:עז ריקם
17,אשקלון,0818,זרחיה,1,285,245,5,240,233,7,True,True,True,
17,אשקלון,0819,אביגדור,1,321,276,5,271,60,211,True,True,True,
17,אשקלון,0820,חלץ,1,362,293,16,277,181,96,True,True,True,
17,אשקלון,0821,אחוזם,1,277,235,4,231,213,18,True,True,True,
17,אשקלון,0824,כוכב מיכאל,1,420,288,7,281,51,230,True,True,True,
17,אשקלון,0826,עוזה,1,439,369,9,360,350,10,True,True,True,
17,אשקלון,0827,נווה מבטח,1,280,215,9,206,64,142,True,True,True,name_variants:נווה num
17,אשקלון,0844,נחל עוז,1,332,262,3,259,14,245,True,True,True,
17,אשקלון,0845,כפר עזה,1,418,339,5,334,19,315,True,True,True,name_variants:בפר עזה
17,אשקלון,0873,שלווה,1,315,275,13,262,257,5,True,True,True,name_variants:קולווה
17,אשקלון,0888,"כפר הרי""ף",1,214,180,8,172,79,93,True,True,True,
17,אשקלון,1031,שדרות,20,12891,9543,552,8991,6130,2861,True,True,True,name_variants:קדרות
17,אשקלון,1034,קרית מלאכי,19,12414,9722,438,9284,7084,2200,True,True,True,
17,אשקלון,1098,מרכז שפירא,1,366,297,3,294,271,23,True,True,True,
17,אשקלון,1145,אלומה,1,160,149,8,141,141,0,True,True,True,
17,אשקלון,1157,אחווה,1,119,101,5,96,23,73,True,True,True,
17,אשקלון,1233,שקף,1,91,87,3,84,43,41,True,True,True,
17,אשקלון,1242,נתיב העשרה,1,338,285,7,278,123,155,True,True,True,name_variants:נתיב העקורה
17,אשקלון,1401,בת חצור,2,488,325,9,316,275,41,True,True,True,
17,אשקלון,2011,ינון,1,477,377,21,356,274,82,True,True,True,
17,אשקלון,2012,אורות,1,252,186,1,185,50,135,True,True,True,
17,אשקלון,2030,מנוחה,1,279,222,12,210,165,45,True,True,True,name_variants:תנוחה
17,אשקלון,2045,נחלה,1,260,218,15,203,124,79,True,True,True,
17,אשקלון,2046,סגולה,1,240,199,7,192,67,125,True,True,True,
17,אשקלון,2051,רווחה,1,330,275,8,267,236,31,True,True,True,
17,אשקלון,2630,קרית גת,54,32303,24252,1425,22827,15344,7483,True,True,True,name_variants:ק
17,אשקלון,5408,נצרים,1,70,76,3,73,73,0,True,True,False,source scan verified: registered is printed below voted; retained as printed
17,אשקלון,5426,ניסנית,1,250,201,4,197,165,32,True,True,True,
17,אשקלון,5428,אלי סיני,1,157,123,4,119,88,31,True,True,True,
17,אשקלון,7100,אשקלון,98,62317,45506,2273,43233,28748,14485,True,True,True,name_variants:אקקלוו|היקורב­ אקקלוו
18,באר שבע ואילת,0013,חצבה,1,450,318,8,310,74,236,True,True,True,
18,באר שבע ואילת,0031,אופקים,22,13826,10250,576,9674,7376,2298,True,True,True,
18,באר שבע ואילת,0069,ניר עוז,1,332,265,1,264,4,260,True,True,True,
18,באר שבע ואילת,0071,אשבול,1,224,193,11,182,65,117,True,True,True,
18,באר שבע ואילת,0099,מצפה רמון,5,3290,2333,118,2215,1210,1005,True,True,True,name_variants:מצפה רמוו
18,באר שבע ואילת,0246,נתיבות,16,9403,8055,265,7790,6916,874,True,True,True,
18,באר שבע ואילת,0318,עמיעוז,1,192,155,4,151,101,50,True,True,True,name_variants:עמיען­ז
18,באר שבע ואילת,0352,גבולות,1,221,143,1,142,3,139,True,True,True,
18,באר שבע ואילת,0354,רביבים,1,574,424,4,420,10,410,True,True,True,
18,באר שבע ואילת,0394,שובל,1,468,343,8,335,13,322,True,True,True,
18,באר שבע ואילת,0395,משמר הנגב,1,634,404,13,391,15,376,True,True,True,name_variants:מקמר הנגב
18,באר שבע ואילת,0396,נבטים,1,488,414,1,413,92,321,True,True,True,
18,באר שבע ואילת,0397,חצרים,1,645,501,14,487,20,467,True,True,True,name_variants:חצר ים
18,באר שבע ואילת,0398,שרשרת,1,210,181,5,176,169,7,True,True,True,
18,באר שבע ואילת,0399,בארי,1,612,508,6,502,13,489,True,True,True,
18,באר שבע ואילת,0402,ניר יצחק,1,403,325,5,320,3,317,True,True,True,
18,באר שבע ואילת,0403,אורים,1,429,324,9,315,16,299,True,True,True,
18,באר שבע ואילת,0413,צאלים,1,333,231,6,225,10,215,True,True,True,
18,באר שבע ואילת,0414,קלחים,1,181,144,1,143,45,98,True,True,True,
18,באר שבע ואילת,0415,שוקדה,1,131,116,4,112,110,2,True,True,True,name_variants:שו קדה
18,באר שבע ואילת,0419,סעד,1,477,397,11,386,260,126,True,True,True,
18,באר שבע ואילת,0421,משאבי שדה,1,530,344,8,336,22,314,True,True,True,
18,באר שבע ואילת,0598,בית קמה,1,299,198,13,185,8,177,True,True,True,
18,באר שבע ואילת,0602,נירים,1,316,241,6,235,3,232,True,True,True,
18,באר שבע ואילת,0665,תקומה,1,233,208,3,205,152,53,True,True,True,
18,באר שבע ואילת,0666,עומר,7,4896,3923,68,3855,958,2897,True,True,True,
18,באר שבע ואילת,0676,עין השלושה,1,276,198,6,192,9,183,True,True,True,name_variants:עי ו השלושה
18,באר שבע ואילת,0695,מגן,1,336,243,2,241,0,241,True,True,True,name_variants:מגו
18,באר שבע ואילת,0709,תפרח,1,451,412,9,403,400,3,True,True,True,
18,באר שבע ואילת,0713,רעים,1,269,210,2,208,10,198,True,True,True,
18,באר שבע ואילת,0723,בית הגדי,1,344,285,10,275,257,18,True,True,True,name_variants:בית הגד
18,באר שבע ואילת,0736,גילת,1,507,370,14,356,184,172,True,True,True,
18,באר שבע ואילת,0748,מסלול,1,184,155,7,148,53,95,True,True,True,
18,באר שבע ואילת,0749,פטיש,1,408,363,16,347,230,117,True,True,True,name_variants:פט יק
18,באר שבע ואילת,0750,פדויים,1,218,168,10,158,114,44,True,True,True,
18,באר שבע ואילת,0761,שובה,1,243,201,10,191,184,7,True,True,True,name_variants:קובה
18,באר שבע ואילת,0762,בטחה,1,423,354,26,328,279,49,True,True,True,
18,באר שבע ואילת,0789,רנן,1,223,159,11,148,31,117,True,True,True,
18,באר שבע ואילת,0803,יושיביה,1,158,136,4,132,127,5,True,True,True,name_variants:יוקיביה
18,באר שבע ואילת,0806,עין יהב,1,391,301,3,298,26,272,True,True,True,name_variants:עיו יהב
18,באר שבע ואילת,0829,מבטחים,1,302,212,7,205,111,94,True,True,True,name_variants:מבדחים
18,באר שבע ואילת,0831,ירוחם,7,5207,3968,256,3712,2672,1040,True,True,True,
18,באר שבע ואילת,0840,כיסופים,1,250,174,4,170,6,164,True,True,True,
18,באר שבע ואילת,0849,דבירה,1,256,216,0,216,5,211,True,True,True,
18,באר שבע ואילת,0865,שיבולים,1,223,205,4,201,181,20,True,True,True,
18,באר שבע ואילת,0866,יטבתה,1,571,366,5,361,24,337,True,True,True,name_variants:י;1בתה
18,באר שבע ואילת,0885,שדה בוקר,1,286,216,2,214,9,205,True,True,True,name_variants:קדה בוקר
18,באר שבע ואילת,0916,ישע,1,166,122,5,117,33,84,True,True,True,name_variants:יקע
18,באר שבע ואילת,0939,מסעודין אל-עזאזמה,4,2490,1362,246,1116,32,1084,True,True,True,name_variants:מסעודי ו אל
18,באר שבע ואילת,0956,הוזייל (שבט),2,762,316,21,295,28,267,True,True,True,name_variants:הוז ייל
18,באר שבע ואילת,0957,עוקבי (בנו עוקבה),1,241,228,10,218,1,217,True,True,True,name_variants:עוקבי )בנו
18,באר שבע ואילת,0958,אבו עבדון (שבט),1,164,93,18,75,4,71,True,True,True,name_variants:אבו עבדוו
18,באר שבע ואילת,0960,אסד (שבט),1,522,300,39,261,22,239,True,True,True,name_variants:א0ד
18,באר שבע ואילת,0961,אבו רוקייק (שבט),4,2479,1386,213,1173,77,1096,True,True,True,name_variants:אבו רוקי יק
18,באר שבע ואילת,0963,אעצם (שבט),3,1750,1003,144,859,47,812,True,True,True,name_variants:אשגם
18,באר שבע ואילת,0964,קודייראת א-צאנע(שבט),2,1532,1260,108,1152,45,1107,True,True,True,name_variants:קודי יראת א­צאנע
18,באר שבע ואילת,0965,אטרש (שבט),1,592,325,50,275,7,268,True,True,True,name_variants:א71רק
18,באר שבע ואילת,0966,אבו רובייעה (שבט),3,1948,869,137,732,61,671,True,True,True,name_variants:אבו רובייעה
18,באר שבע ואילת,0967,אבו ג'ווייעד (שבט),2,886,714,132,582,193,389,True,True,True,name_variants:אבו גיווייעד
18,באר שבע ואילת,0968,אבו קורינאת (שבט),2,1498,623,97,526,17,509,True,True,True,name_variants:אבו קורי נאת
18,באר שבע ואילת,0969,עטאוונה (שבט),1,553,419,59,360,12,348,True,True,True,
18,באר שבע ואילת,0970,תראבין א-צאנע (שבט),1,323,148,10,138,5,133,True,True,True,name_variants:תראביו א­צאנ/1
18,באר שבע ואילת,0972,קוואעין (שבט),1,330,246,46,200,11,189,True,True,True,name_variants:קוואעיו
18,באר שבע ואילת,0976,ג'נאביב (שבט),1,168,62,10,52,4,48,True,True,True,name_variants:גינאביב
18,באר שבע ואילת,1041,נצאצרה (שבט),1,289,211,11,200,5,195,True,True,True,name_variants:נצאצרה
18,באר שבע ואילת,1042,אבו עמאר (שבט),1,126,108,13,95,3,92,True,True,True,name_variants:אבו עמאר
18,באר שבע ואילת,1046,אוהד,1,179,129,6,123,75,48,True,True,True,
18,באר שבע ואילת,1051,תלמי אליהו,1,182,116,2,114,59,55,True,True,True,
18,באר שבע ואילת,1052,קטורה,1,241,134,0,134,15,119,True,True,True,
18,באר שבע ואילת,1054,תל שבע,5,2763,2178,212,1966,40,1926,True,True,True,name_variants:ת? שבע
18,באר שבע ואילת,1057,נווה זוהר,1,96,68,1,67,42,25,True,True,True,
18,באר שבע ואילת,1058,שדה ניצן,1,243,147,2,145,25,120,True,True,True,name_variants:שדה ניצו
18,באר שבע ואילת,1059,כסיפה,3,1978,1392,171,1221,182,1039,True,True,True,name_variants:כס י פה
18,באר שבע ואילת,1060,לקיה,1,562,469,63,406,5,401,True,True,True,
18,באר שבע ואילת,1065,זמרת,1,230,195,8,187,184,3,True,True,True,
18,באר שבע ואילת,1080,מבועים,1,496,414,12,402,266,136,True,True,True,
18,באר שבע ואילת,1082,מעגלים,1,329,263,2,261,243,18,True,True,True,
18,באר שבע ואילת,1095,כפר מימון,1,379,351,3,348,331,17,True,True,True,name_variants:כפר מיהרו
18,באר שבע ואילת,1124,נאות הכיכר,1,234,176,1,175,41,134,True,True,True,name_variants:גאות הכיכר
18,באר שבע ואילת,1126,אילות,1,258,158,3,155,27,128,True,True,True,
18,באר שבע ואילת,1129,גרופית,1,217,138,2,136,7,129,True,True,True,
18,באר שבע ואילת,1136,צוחר,1,328,263,13,250,161,89,True,True,True,
18,באר שבע ואילת,1140,מדרשת בן גוריון,1,312,227,2,225,29,196,True,True,True,name_variants:מדרשת בו גוריוו
18,באר שבע ואילת,1146,עלומים,1,206,178,2,176,150,26,True,True,True,
18,באר שבע ואילת,1150,צופר,1,116,101,0,101,15,86,True,True,True,
18,באר שבע ואילת,1151,פארן,1,210,154,0,154,19,135,True,True,True,name_variants:פארו
18,באר שבע ואילת,1156,סמר,1,170,113,0,113,5,108,True,True,True,
18,באר שבע ואילת,1158,יהל,1,116,76,2,74,8,66,True,True,True,name_variants:יהכ
18,באר שבע ואילת,1161,רהט,16,10119,8090,1103,6987,345,6642,True,True,True,"printed locality total: Peres 6,642"
18,באר שבע ואילת,1169,הוואשלה (שבט),1,613,406,32,374,7,367,True,True,True,name_variants:הוואשלח
18,באר שבע ואילת,1170,סייד (שבט),1,706,556,122,434,35,399,True,True,True,name_variants:סייד
18,באר שבע ואילת,1176,ספיר,1,206,143,2,141,51,90,True,True,True,
18,באר שבע ואילת,1192,ערערה-בנגב,4,2185,1397,401,996,57,939,True,True,True,name_variants:ער וער
18,באר שבע ואילת,1195,ניצנה (קהילת חינוך),1,273,104,0,104,31,73,True,True,True,name_variants:ניצנהנקהילת חנור>
18,באר שבע ואילת,1197,נאות סמדר,1,208,151,1,150,21,129,True,True,True,name_variants:שיזפון
18,באר שבע ואילת,1223,שדי אברהם,1,357,270,3,267,91,176,True,True,True,
18,באר שבע ואילת,1234,קבועה (שבט),1,277,185,12,173,23,150,True,True,True,name_variants:קבועה
18,באר שבע ואילת,1237,תלמי יוסף,1,126,88,0,88,25,63,True,True,True,
18,באר שבע ואילת,1238,סופה,1,226,166,2,164,23,141,True,True,True,
18,באר שבע ואילת,1240,עין הבשור,1,324,265,5,260,80,180,True,True,True,
18,באר שבע ואילת,1241,דקל,1,330,201,4,197,101,96,True,True,True,
18,באר שבע ואילת,1255,לוטן,1,106,74,0,74,4,70,True,True,True,
18,באר שבע ואילת,1268,מיתר,4,3038,2526,43,2483,1059,1424,True,True,True,name_variants:הי קוב; מיתר
18,באר שבע ואילת,1271,להבים,3,1738,1433,26,1407,425,982,True,True,True,
18,באר שבע ואילת,1286,שגב-שלום,1,844,710,10,700,19,681,True,True,True,600-dpi review: Peres 681
18,באר שבע ואילת,1287,שני,1,285,227,7,220,148,72,True,True,True,name_variants:קוני
18,באר שבע ואילת,1303,חורה,1,837,585,23,562,35,527,True,True,True,
18,באר שבע ואילת,2014,גבעולים,1,172,139,2,137,117,20,True,True,True,
18,באר שבע ואילת,2021,אשל הנשיא,1,111,84,2,82,18,64,True,True,True,
18,באר שבע ואילת,2023,להב,1,427,332,3,329,44,285,True,True,True,
18,באר שבע ואילת,2042,עין גדי,1,474,353,6,347,10,337,True,True,True,
18,באר שבע ואילת,2044,מלילות,1,204,174,3,171,159,12,True,True,True,name_variants:חביבות
18,באר שבע ואילת,2047,ניר משה,1,187,127,4,123,61,62,True,True,True,
18,באר שבע ואילת,2048,ניר עקיבא,1,155,109,7,102,44,58,True,True,True,
18,באר שבע ואילת,2049,שדה צבי,1,165,132,7,125,83,42,True,True,True,name_variants:קדה צבי
18,באר שבע ואילת,2050,"תלמי ביל""ו",1,196,164,11,153,95,58,True,True,True,
18,באר שבע ואילת,2059,"פעמי תש""ז",1,201,167,19,148,81,67,True,True,True,"name_variants:פעמי תק""ז"
18,באר שבע ואילת,2060,ברוש,1,181,139,9,130,101,29,True,True,True,name_variants:ברוק
18,באר שבע ואילת,2061,תדהר,1,153,130,4,126,74,52,True,True,True,
18,באר שבע ואילת,2062,תאשור,1,151,112,4,108,25,83,True,True,True,name_variants:תאקור
18,באר שבע ואילת,2064,זרועה,1,145,111,3,108,100,8,True,True,True,
18,באר שבע ואילת,2200,דימונה,31,22898,16302,1070,15232,10515,4717,True,True,True,replaced partial Dimona total with printed total
18,באר שבע ואילת,2560,ערד,25,16305,11665,653,11012,5273,5739,True,True,True,name_variants:ה יקו1
18,באר שבע ואילת,2600,אילת,54,33093,18706,700,18006,9035,8971,True,True,True,name_variants:א1לת
18,באר שבע ואילת,3656,כרמל,1,138,126,1,125,124,1,True,True,True,
18,באר שבע ואילת,3743,טנא,1,236,192,7,185,131,54,True,True,True,
18,באר שבע ואילת,3745,מצדות יהודה,1,85,79,1,78,75,3,True,True,True,
18,באר שבע ואילת,3756,סוסיה,1,102,97,0,97,96,1,True,True,True,
18,באר שבע ואילת,3784,שמעה,1,110,96,1,95,75,20,True,True,True,"name_variants:נח""ל קמעה"
18,באר שבע ואילת,5405,כפר דרום,1,85,86,1,85,83,2,True,True,False,source scan verified: registered is printed below voted; retained as printed
18,באר שבע ואילת,5410,נצר חזני,1,186,147,2,145,145,0,True,True,True,
18,באר שבע ואילת,5423,קטיף,1,89,78,0,78,77,1,True,True,True,
18,באר שבע ואילת,5424,גני טל,1,185,173,0,173,171,2,True,True,True,
18,באר שבע ואילת,5425,בני עצמון,1,210,194,0,194,187,7,True,True,True,
18,באר שבע ואילת,5427,נווה דקלים,1,770,672,7,665,649,16,True,True,True,
18,באר שבע ואילת,5429,גדיד,1,96,90,2,88,88,0,True,True,True,
18,באר שבע ואילת,5431,גן אור,1,93,85,2,83,83,0,True,True,True,
18,באר שבע ואילת,5432,בדולח,1,81,74,1,73,73,0,True,True,True,
18,באר שבע ואילת,5433,רפיח ים,1,65,49,0,49,38,11,True,True,True,
18,באר שבע ואילת,9000,באר שבע,180,111874,79799,4348,75451,46881,28570,True,True,True,name_variants:באר קבע|?יקו1
